id,url,name,description,image,segmentName,genreName,dateTitle,dateSubTitle,streetAddress,addressLocality,addressRegion,postalCode,addressCountry,placeUrl,offer,priceRanges,performers,city
vvG1IZb8xdpPrw,https://www.ticketmaster.com/snapdragon-stadium-tours-san-diego-california-10-28-2024/event/0A006108835A57B2,Snapdragon Stadium Tours,"Snapdragon Stadium Tours | Mon 10/28 | Snapdragon Stadium, San Diego, CA",https://s1.ticketm.net/dam/a/c52/876cd107-22d0-449f-a80d-7cc8d9654c52_RECOMENDATION_16_9.jpg,Miscellaneous,Undefined,28-10-2024,Mon,2101 Stadium Way,San Diego,CA,92108,US,https://www.ticketmaster.com/snapdragon-stadium-tickets-san-diego/venue/82847,"{'offerUrl': 'https://www.ticketmaster.com/snapdragon-stadium-tours-san-diego-california-10-28-2024/event/0A006108835A57B2', 'availabilityStarts': '', 'price': 30, 'priceCurrency': 'USD'}","[{'currency': 'USD', 'min': 30}]","[{'name': 'Snapdragon Stadium Tours', 'url': 'https://www.ticketmaster.com/snapdragon-stadium-tours-tickets/artist/3060631'}]",San Diego
vvG1IZ9gJLc-yP,https://www.ticketmaster.com/petco-park-tours-san-diego-california-10-28-2024/event/0A005F599FB61E65,Petco Park Tours,"Petco Park Tours | Mon 10/28 | Petco Park, San Diego, CA",https://s1.ticketm.net/dam/a/2e7/4adeb98b-b8c3-4668-9d0e-656f821642e7_1427701_RETINA_PORTRAIT_16_9.jpg,Sports,Baseball,28-10-2024,TBA,100 Park Blvd,San Diego,CA,92101,US,https://www.ticketmaster.com/petco-park-tickets-san-diego/venue/82561,"{'offerUrl': 'https://www.ticketmaster.com/petco-park-tours-san-diego-california-10-28-2024/event/0A005F599FB61E65', 'availabilityStarts': '2023-10-25T19:30:00Z', 'price': 25, 'priceCurrency': 'USD'}","[{'currency': 'USD', 'min': 25}]","[{'name': 'Petco Park Tours', 'url': 'https://www.ticketmaster.com/petco-park-tours-tickets/artist/1826325'}]",San Diego
vvG1IZbCCLGvW2,https://www.ticketmaster.com/the-phantom-of-the-opera-1925-san-diego-california-10-28-2024/event/0A0060E39F301F4F,"The Phantom of the Opera (1925), played by Russ Peck ","The Phantom of the Opera (1925), played by Russ Peck | Mon 10/28 @ 7:00pm | Balboa Theatre, San Diego, CA",https://s1.ticketm.net/dam/e/67d/96b56031-3a11-4fe1-bf0b-4fd9ea27e67d_RECOMENDATION_16_9.jpg,Arts & Theatre,Theatre,28-10-2024,Mon 7:00pm,868 Fourth Avenue,San Diego,CA,92101,US,https://www.ticketmaster.com/balboa-theatre-tickets-san-diego/venue/82668,"{'offerUrl': 'https://www.ticketmaster.com/the-phantom-of-the-opera-1925-san-diego-california-10-28-2024/event/0A0060E39F301F4F', 'availabilityStarts': '2024-07-12T17:00:00Z', 'price': 15, 'priceCurrency': 'USD'}","[{'currency': 'USD', 'min': 15}]","[{'name': 'Silent Movie Mondays at the Balboa', 'url': 'https://www.ticketmaster.com/silent-movie-mondays-at-the-balboa-tickets/artist/3174613'}, {'name': 'Cinema @ The Balboa', 'url': 'https://www.ticketmaster.com/cinema-the-balboa-tickets/artist/2160578'}]",San Diego
vv170ZboGkTX_MM2,https://concerts.livenation.com/premier-parking-luh-tyler-not-a-santa-ana-california-10-28-2024/event/0900611FFE677DCF,Premier Parking - Luh Tyler - Not A Concert Ticket,"Premier Parking - Luh Tyler - Not A Concert Ticket | Mon 10/28 @ 7:00pm | Constellation Room, Santa Ana, CA",https://s1.ticketm.net/dam/a/8e4/5748bfe8-9dee-46e2-a8c6-9f44ee52b8e4_1200441_RECOMENDATION_16_9.jpg,Miscellaneous,Undefined,28-10-2024,Mon 7:00pm,3503 South Harbor Boulevard,Santa Ana,CA,92704,US,https://www.ticketmaster.com/constellation-room-tickets-santa-ana/venue/74683,"{'offerUrl': 'https://concerts.livenation.com/premier-parking-luh-tyler-not-a-santa-ana-california-10-28-2024/event/0900611FFE677DCF', 'availabilityStarts': '2024-09-11T19:00:00Z', 'price': 10, 'priceCurrency': 'USD'}","[{'currency': 'USD', 'min': 10}]","[{'name': 'Live Nation Premier Parking', 'url': 'https://www.ticketmaster.com/live-nation-premier-parking-tickets/artist/2461863'}, {'name': 'LN Parking', 'url': 'https://www.ticketmaster.com/ln-parking-tickets/artist/2701831'}]",San Diego
vv170ZboGkUDZf_5,https://concerts.livenation.com/luh-tyler-mr-skii-tour-santa-ana-california-10-28-2024/event/0900611DBB01464B,Luh Tyler - Mr Skii Tour,"Luh Tyler - Mr Skii Tour | Mon 10/28 @ 7:00pm | Constellation Room, Santa Ana, CA",https://s1.ticketm.net/dam/a/85d/a7846805-ceee-450d-9af0-9ed269f9a85d_RECOMENDATION_16_9.jpg,Music,Hip-Hop/Rap,28-10-2024,Mon 7:00pm,3503 South Harbor Boulevard,Santa Ana,CA,92704,US,https://www.ticketmaster.com/constellation-room-tickets-santa-ana/venue/74683,"{'offerUrl': 'https://concerts.livenation.com/luh-tyler-mr-skii-tour-santa-ana-california-10-28-2024/event/0900611DBB01464B', 'availabilityStarts': '2024-09-13T17:00:00Z', 'price': 20, 'priceCurrency': 'USD'}","[{'currency': 'USD', 'min': 20}]","[{'name': 'Luh Tyler', 'url': 'https://www.ticketmaster.com/luh-tyler-tickets/artist/3000959'}, {'name': 'Babyfxce E', 'url': 'https://www.ticketmaster.com/babyfxce-e-tickets/artist/3224774'}, {'name': 'Sugarhill Ddot', 'url': 'https://www.ticketmaster.com/sugarhill-ddot-tickets/artist/2959566'}]",San Diego
rZ7HnEZ1AKQ_4S,https://www.ticketweb.com/event/aimee-mann-jonathan-coulton-belly-up-tickets/13699573,"Aimee Mann, Jonathan Coulton","Aimee Mann, Jonathan Coulton | Mon 10/28 @ 8:00pm | Belly Up, Solana Beach, CA",https://s1.ticketm.net/dam/a/531/4dc6c858-fddf-433a-9bd5-3cfc5f0da531_RECOMENDATION_16_9.jpg,Music,Rock,28-10-2024,Mon 8:00pm,143 S. Cedros Ave,Solana Beach,CA,92075,US,https://www.ticketweb.com/venue/belly-up-solana-beach-ca/432305,"{'offerUrl': 'https://www.ticketweb.com/event/aimee-mann-jonathan-coulton-belly-up-tickets/13699573', 'availabilityStarts': '2024-06-21T17:00:00Z', 'price': 0, 'priceCurrency': 'USD'}","[{'currency': 'USD', 'min': 0}]","[{'name': 'Aimee Mann', 'url': 'https://www.ticketmaster.com/aimee-mann-tickets/artist/762729'}, {'name': 'Jonathan Coulton', 'url': 'https://www.ticketmaster.com/jonathan-coulton-tickets/artist/1165320'}]",San Diego
rZ7HnEZ1AK4o00,https://www.ticketweb.com/event/the-tom-kubis-big-band-gaslamp-long-beach-tickets/13551924,THE TOM KUBIS BIG BAND,"THE TOM KUBIS BIG BAND | Mon 10/28 @ 8:00pm | Gaslamp Long Beach, Long Beach, CA",https://s1.ticketm.net/dam/c/bea/03d47f66-d37b-4aca-aa17-0135be64dbea_105801_RECOMENDATION_16_9.jpg,Music,Jazz,28-10-2024,Mon 8:00pm,6251 East Pacific Coast Highway,Long Beach,CA,90803,US,https://www.ticketweb.com/venue/gaslamp-long-beach-long-beach-ca/252754,"{'offerUrl': 'https://www.ticketweb.com/event/the-tom-kubis-big-band-gaslamp-long-beach-tickets/13551924', 'availabilityStarts': '2024-05-29T00:40:00Z', 'price': 24.12, 'priceCurrency': 'USD'}","[{'currency': 'USD', 'min': 24.12}]",[],San Diego
Z7r9jZ1A7uUGd,https://www.ticketmaster.com/event/Z7r9jZ1A7uUGd,T-Pain,"T-Pain | Mon 10/28 @ 8:00pm | Yaamava' Resort & Casino at San Manuel, Highland, CA",https://s1.ticketm.net/dam/a/135/0dcf5202-3407-49cd-894e-ba06f7527135_RECOMENDATION_16_9.jpg,Music,Other,28-10-2024,Mon 8:00pm,777 San Manuel Blvd.,Highland,CA,92346,US,https://www.ticketmaster.com/yaamava-resort-casino-at-san-manuel-tickets-highland/venue/ZFr9jZAvFe,"{'offerUrl': 'https://www.ticketmaster.com/event/Z7r9jZ1A7uUGd', 'availabilityStarts': '1900-01-01T06:00:00Z', 'price': None, 'priceCurrency': None}",[],"[{'name': 'T-Pain', 'url': 'https://www.ticketmaster.com/t-pain-tickets/artist/1132000'}]",San Diego
vv1ke8v-paGACYAJI,https://www.ticketmaster.com/testing-promo-packs9-do-not-purchase-anaheim-california-10-28-2024/event/090061589EC059A8,Testing Promo Packs9 - Do Not Purchase,"Testing Promo Packs9 - Do Not Purchase | Mon 10/28 @ 11:00pm | Honda Center, Anaheim, CA",https://s1.ticketm.net/dam/c/61c/37e6dc36-b80c-45a5-9bc5-960c7a98161c_106321_RECOMENDATION_16_9.jpg,Sports,Hockey,28-10-2024,Mon 11:00pm,2695 E. Katella,Anaheim,CA,92806,US,https://www.ticketmaster.com/honda-center-tickets-anaheim/venue/73797,"{'offerUrl': 'https://www.ticketmaster.com/testing-promo-packs9-do-not-purchase-anaheim-california-10-28-2024/event/090061589EC059A8', 'availabilityStarts': '2024-10-24T21:00:00Z', 'price': 8.5, 'priceCurrency': 'USD'}","[{'currency': 'USD', 'min': 8.5}]",[],San Diego
vvG1IZb8xd9PrM,https://www.ticketmaster.com/snapdragon-stadium-tours-san-diego-california-10-29-2024/event/0A006108835E57B7,Snapdragon Stadium Tours,"Snapdragon Stadium Tours | Tue 10/29 | Snapdragon Stadium, San Diego, CA",https://s1.ticketm.net/dam/a/c52/876cd107-22d0-449f-a80d-7cc8d9654c52_RECOMENDATION_16_9.jpg,Miscellaneous,Undefined,29-10-2024,Tue,2101 Stadium Way,San Diego,CA,92108,US,https://www.ticketmaster.com/snapdragon-stadium-tickets-san-diego/venue/82847,"{'offerUrl': 'https://www.ticketmaster.com/snapdragon-stadium-tours-san-diego-california-10-29-2024/event/0A006108835E57B7', 'availabilityStarts': '', 'price': 30, 'priceCurrency': 'USD'}","[{'currency': 'USD', 'min': 30}]","[{'name': 'Snapdragon Stadium Tours', 'url': 'https://www.ticketmaster.com/snapdragon-stadium-tours-tickets/artist/3060631'}]",San Diego
vvG1IZ9gJLmvyS,https://www.ticketmaster.com/petco-park-tours-san-diego-california-10-29-2024/event/0A005F599FB81E73,Petco Park Tours,"Petco Park Tours | Tue 10/29 | Petco Park, San Diego, CA",https://s1.ticketm.net/dam/a/2e7/4adeb98b-b8c3-4668-9d0e-656f821642e7_1427701_RETINA_PORTRAIT_16_9.jpg,Sports,Baseball,29-10-2024,TBA,100 Park Blvd,San Diego,CA,92101,US,https://www.ticketmaster.com/petco-park-tickets-san-diego/venue/82561,"{'offerUrl': 'https://www.ticketmaster.com/petco-park-tours-san-diego-california-10-29-2024/event/0A005F599FB81E73', 'availabilityStarts': '2023-10-25T19:30:00Z', 'price': 25, 'priceCurrency': 'USD'}","[{'currency': 'USD', 'min': 25}]","[{'name': 'Petco Park Tours', 'url': 'https://www.ticketmaster.com/petco-park-tours-tickets/artist/1826325'}]",San Diego
vvG1IZb4Nu854m,https://concerts.livenation.com/fast-lane-access-kurt-travis-not-san-diego-california-10-29-2024/event/0A006158CD40B56E,Fast Lane Access - Kurt Travis - Not a Concert Ticket,"Fast Lane Access - Kurt Travis - Not a Concert Ticket | Tue 10/29 @ 6:00pm | Voodoo Room at the House of Blues San Diego, San Diego, CA",https://s1.ticketm.net/dam/a/72d/33036a53-6621-4e1a-a7eb-7aad5acc872d_898681_RETINA_PORTRAIT_16_9.jpg,Miscellaneous,Undefined,29-10-2024,Tue 6:00pm,1055 5th Avenue,San Diego,CA,92101,US,https://www.ticketmaster.com/voodoo-room-at-the-house-of-blues-san-diego-tickets-san-diego/venue/82846,"{'offerUrl': 'https://concerts.livenation.com/fast-lane-access-kurt-travis-not-san-diego-california-10-29-2024/event/0A006158CD40B56E', 'availabilityStarts': '2024-10-25T19:00:00Z', 'price': 15, 'priceCurrency': 'USD'}","[{'currency': 'USD', 'min': 15}]","[{'name': 'Live Nation Fast Lane', 'url': 'https://www.ticketmaster.com/live-nation-fast-lane-tickets/artist/2461867'}, {'name': 'LN Fast Lane', 'url': 'https://www.ticketmaster.com/ln-fast-lane-tickets/artist/2701838'}]",San Diego
vvG1IZb4NvVD3d,https://concerts.livenation.com/kurt-travis-10-years-of-everything-san-diego-california-10-29-2024/event/0A006158C1D3B483,Kurt Travis 10 years of Everything Is Beautiful ,"Kurt Travis 10 years of Everything Is Beautiful | Tue 10/29 @ 6:00pm | Voodoo Room at the House of Blues San Diego, San Diego, CA",https://s1.ticketm.net/dam/a/32b/71b723a3-f7b7-45e9-9a1c-0c7fc60e832b_RETINA_PORTRAIT_16_9.jpg,Music,Rock,29-10-2024,Tue 6:00pm,1055 5th Avenue,San Diego,CA,92101,US,https://www.ticketmaster.com/voodoo-room-at-the-house-of-blues-san-diego-tickets-san-diego/venue/82846,"{'offerUrl': 'https://concerts.livenation.com/kurt-travis-10-years-of-everything-san-diego-california-10-29-2024/event/0A006158C1D3B483', 'availabilityStarts': '2024-10-25T19:00:00Z', 'price': 25, 'priceCurrency': 'USD'}","[{'currency': 'USD', 'min': 25}]","[{'name': 'Kurt Travis', 'url': 'https://www.ticketmaster.com/kurt-travis-tickets/artist/1696800'}, {'name': 'Geoff Rickly', 'url': 'https://www.ticketmaster.com/geoff-rickly-tickets/artist/1807852'}, {'name': 'Dwellings', 'url': 'https://www.ticketmaster.com/dwellings-tickets/artist/2740352'}, {'name': 'Predisposed', 'url': 'https://www.ticketmaster.com/predisposed-tickets/artist/2971735'}]",San Diego
vvG1IZb2B_MwpS,https://concerts.livenation.com/sleepy-hallow-sheff-g-dont-sleep-san-diego-california-10-29-2024/event/0A0060FE99DF25B3,Sleepy Hallow & Sheff G: Don't Sleep While It's Lit Tour,"Sleepy Hallow & Sheff G: Don't Sleep While It's Lit Tour | Tue 10/29 @ 7:00pm | House of Blues San Diego, San Diego, CA",https://s1.ticketm.net/dam/a/316/6e426af8-4300-41e0-9c85-c3781bbea316_1528621_RECOMENDATION_16_9.jpg,Music,Hip-Hop/Rap,29-10-2024,Tue 7:00pm,1055 5th Avenue,San Diego,CA,92101,US,https://www.ticketmaster.com/house-of-blues-san-diego-tickets-san-diego/venue/82551,"{'offerUrl': 'https://concerts.livenation.com/sleepy-hallow-sheff-g-dont-sleep-san-diego-california-10-29-2024/event/0A0060FE99DF25B3', 'availabilityStarts': '2024-08-07T17:00:00Z', 'price': 52.5, 'priceCurrency': 'USD'}","[{'currency': 'USD', 'min': 52.5}]","[{'name': 'Sleepy Hallow', 'url': 'https://www.ticketmaster.com/sleepy-hallow-tickets/artist/2820264'}, {'name': 'Sheff G', 'url': 'https://www.ticketmaster.com/sheff-g-tickets/artist/2597347'}]",San Diego
vvG1IZb2Dp2Vbp,https://concerts.livenation.com/fast-lane-access-sleepy-hallow-sheff-san-diego-california-10-29-2024/event/0A0060FED63F4616,Fast Lane Access - Sleepy Hallow & Sheff G - Not A Concert Ticket,"Fast Lane Access - Sleepy Hallow & Sheff G - Not A Concert Ticket | Tue 10/29 @ 7:00pm | House of Blues San Diego, San Diego, CA",https://s1.ticketm.net/dam/a/72d/33036a53-6621-4e1a-a7eb-7aad5acc872d_898681_RETINA_PORTRAIT_16_9.jpg,Miscellaneous,Undefined,29-10-2024,Tue 7:00pm,1055 5th Avenue,San Diego,CA,92101,US,https://www.ticketmaster.com/house-of-blues-san-diego-tickets-san-diego/venue/82551,"{'offerUrl': 'https://concerts.livenation.com/fast-lane-access-sleepy-hallow-sheff-san-diego-california-10-29-2024/event/0A0060FED63F4616', 'availabilityStarts': '2024-08-07T17:00:00Z', 'price': 25, 'priceCurrency': 'USD'}","[{'currency': 'USD', 'min': 25}]","[{'name': 'Live Nation Fast Lane', 'url': 'https://www.ticketmaster.com/live-nation-fast-lane-tickets/artist/2461867'}, {'name': 'LN Fast Lane', 'url': 'https://www.ticketmaster.com/ln-fast-lane-tickets/artist/2701838'}]",San Diego
vvG10ZbC2BgJWi,https://concerts.livenation.com/premier-parking-the-crane-wives-not-santa-ana-california-10-29-2024/event/090060E3FAD66F6C,Premier Parking - The Crane Wives - Not A Concert Ticket,"Premier Parking - The Crane Wives - Not A Concert Ticket | Tue 10/29 @ 7:00pm | The Observatory, Santa Ana, CA",https://s1.ticketm.net/dam/a/8e4/5748bfe8-9dee-46e2-a8c6-9f44ee52b8e4_1200441_RECOMENDATION_16_9.jpg,Miscellaneous,Undefined,29-10-2024,Tue 7:00pm,3503 S. Harbor Blvd.,Santa Ana,CA,92704,US,https://www.ticketmaster.com/the-observatory-tickets-santa-ana/venue/73867,"{'offerUrl': 'https://concerts.livenation.com/premier-parking-the-crane-wives-not-santa-ana-california-10-29-2024/event/090060E3FAD66F6C', 'availabilityStarts': '2024-07-09T17:00:00Z', 'price': 10, 'priceCurrency': 'USD'}","[{'currency': 'USD', 'min': 10}]","[{'name': 'Live Nation Premier Parking', 'url': 'https://www.ticketmaster.com/live-nation-premier-parking-tickets/artist/2461863'}, {'name': 'LN Parking', 'url': 'https://www.ticketmaster.com/ln-parking-tickets/artist/2701831'}]",San Diego
vvG10ZbC2DfJWy,https://concerts.livenation.com/fast-lane-access-the-crane-wives-santa-ana-california-10-29-2024/event/090060E3FB526F79,Fast Lane Access - The Crane Wives - Not a Concert Ticket,"Fast Lane Access - The Crane Wives - Not a Concert Ticket | Tue 10/29 @ 7:00pm | The Observatory, Santa Ana, CA",https://s1.ticketm.net/dam/a/72d/33036a53-6621-4e1a-a7eb-7aad5acc872d_898681_RETINA_PORTRAIT_16_9.jpg,Miscellaneous,Undefined,29-10-2024,Tue 7:00pm,3503 S. Harbor Blvd.,Santa Ana,CA,92704,US,https://www.ticketmaster.com/the-observatory-tickets-santa-ana/venue/73867,"{'offerUrl': 'https://concerts.livenation.com/fast-lane-access-the-crane-wives-santa-ana-california-10-29-2024/event/090060E3FB526F79', 'availabilityStarts': '2024-07-09T17:00:00Z', 'price': 20, 'priceCurrency': 'USD'}","[{'currency': 'USD', 'min': 20}]","[{'name': 'Live Nation Fast Lane', 'url': 'https://www.ticketmaster.com/live-nation-fast-lane-tickets/artist/2461867'}, {'name': 'LN Fast Lane', 'url': 'https://www.ticketmaster.com/ln-fast-lane-tickets/artist/2701838'}]",San Diego
vvG10ZbC5Nc7rJ,https://concerts.livenation.com/the-crane-wives-beyond-beyond-beyond-santa-ana-california-10-29-2024/event/090060E2E3B447A6,The Crane Wives - Beyond  Beyond Beyond Tour,"The Crane Wives - Beyond  Beyond Beyond Tour | Tue 10/29 @ 7:00pm | The Observatory, Santa Ana, CA",https://s1.ticketm.net/dam/a/0c8/e5616565-0e35-4274-aeaa-9ce528d090c8_RECOMENDATION_16_9.jpg,Music,Rock,29-10-2024,Tue 7:00pm,3503 S. Harbor Blvd.,Santa Ana,CA,92704,US,https://www.ticketmaster.com/the-observatory-tickets-santa-ana/venue/73867,"{'offerUrl': 'https://concerts.livenation.com/the-crane-wives-beyond-beyond-beyond-santa-ana-california-10-29-2024/event/090060E2E3B447A6', 'availabilityStarts': '2024-07-12T17:00:00Z', 'price': 27, 'priceCurrency': 'USD'}","[{'currency': 'USD', 'min': 27}]","[{'name': 'The Crane Wives', 'url': 'https://www.ticketmaster.com/the-crane-wives-tickets/artist/1659317'}, {'name': 'Rett Madison', 'url': 'https://www.ticketmaster.com/rett-madison-tickets/artist/2688806'}]",San Diego
LvZ18_I3lpFzxqYZv07GZ,https://www.universe.com/events/drag-show-tuesday-drag-showcase-at-mary-s-long-beach-location-tickets-5SX7ZN?ref=ticketmaster,Drag Show: “Tuesday Drag Showcase” at Mary’s Long Beach Location,"Drag Show: “Tuesday Drag Showcase” at Mary’s Long Beach Location | Tue 10/29 @ 7:00pm | Hamburger Mary's - Long Beach, Long Beach, CA",https://s1.ticketm.net/dam/c/2db/d6726400-e873-433e-abbf-4d43eb78d2db_105941_RETINA_PORTRAIT_16_9.jpg,Arts & Theatre,Performance Art,29-10-2024,Tue 7:00pm,330 Pine Avenue,Long Beach,CA,90802,US,https://www.ticketmaster.com/hamburger-marys-long-beach-tickets-long-beach/venue/74851,"{'offerUrl': 'https://www.universe.com/events/drag-show-tuesday-drag-showcase-at-mary-s-long-beach-location-tickets-5SX7ZN?ref=ticketmaster', 'availabilityStarts': '2024-04-26T23:42:00Z', 'price': None, 'priceCurrency': 'USD'}","[{'currency': 'USD', 'min': None}]","[{'name': ""Hamburger Mary's"", 'url': 'https://www.ticketmaster.com/hamburger-marys-tickets/artist/3132064'}, {'name': ""Hamburger Mary's - Mary's Drag Showcase"", 'url': 'https://www.ticketmaster.com/hamburger-marys-marys-drag-showcase-tickets/artist/3159498'}]",San Diego
vvG1IZbe9K_xg6,https://www.ticketmaster.com/croce-plays-croce-san-diego-california-10-29-2024/event/0A006025D3662D47,Croce Plays Croce,"Croce Plays Croce | Tue 10/29 @ 7:30pm | Humphreys Concerts By the Bay, San Diego, CA",https://s1.ticketm.net/dam/a/ab5/15eff04a-1294-4a86-91c0-c8f2d43c3ab5_RETINA_PORTRAIT_16_9.jpg,Music,Rock,29-10-2024,Tue 7:30pm,2241 Shelter Island Dr.,San Diego,CA,92106,US,https://www.ticketmaster.com/humphreys-concerts-by-the-bay-tickets-san-diego/venue/81964,"{'offerUrl': 'https://www.ticketmaster.com/croce-plays-croce-san-diego-california-10-29-2024/event/0A006025D3662D47', 'availabilityStarts': '2024-01-19T18:00:00Z', 'price': None, 'priceCurrency': None}",[],"[{'name': 'A.J. Croce', 'url': 'https://www.ticketmaster.com/aj-croce-tickets/artist/850504'}]",San Diego
rZ7HnEZ1AKQoud,https://www.ticketweb.com/event/tycho-the-sound-tickets/13691343,Tycho,"Tycho | Tue 10/29 @ 8:00pm | The Sound, Del Mar, CA",https://s1.ticketm.net/dam/a/9b0/0fde8b33-0d6f-403f-97d2-ca5ec8ae69b0_RETINA_PORTRAIT_16_9.jpg,Music,Dance/Electronic,29-10-2024,Tue 8:00pm,2260 Jimmy Durante Boulevard,Del Mar,CA,92014,US,https://www.ticketweb.com/venue/the-sound-del-mar-ca/521045,"{'offerUrl': 'https://www.ticketweb.com/event/tycho-the-sound-tickets/13691343', 'availabilityStarts': '2024-06-26T17:00:00Z', 'price': None, 'priceCurrency': None}",[],"[{'name': 'Tycho', 'url': 'https://www.ticketmaster.com/tycho-tickets/artist/1624535'}]",San Diego
vvG1IZbGBVK4CC,https://www.ticketmaster.com/tycho-infinite-health-tour-del-mar-california-10-29-2024/event/0A0060CEB44D538E,Tycho - Infinite Health Tour,"Tycho - Infinite Health Tour | Tue 10/29 @ 8:00pm | The Sound, Del Mar, CA",https://s1.ticketm.net/dam/a/9b0/0fde8b33-0d6f-403f-97d2-ca5ec8ae69b0_RETINA_PORTRAIT_16_9.jpg,Music,Other,29-10-2024,Tue 8:00pm,2260 Jimmy Durante Blvd,Del Mar,CA,92014,US,https://www.ticketmaster.com/the-sound-tickets-del-mar/venue/82851,"{'offerUrl': 'https://www.ticketmaster.com/tycho-infinite-health-tour-del-mar-california-10-29-2024/event/0A0060CEB44D538E', 'availabilityStarts': '2024-06-28T17:00:00Z', 'price': 45, 'priceCurrency': 'USD'}","[{'currency': 'USD', 'min': 45}]","[{'name': 'Tycho', 'url': 'https://www.ticketmaster.com/tycho-tickets/artist/1624535'}, {'name': 'Brijean', 'url': 'https://www.ticketmaster.com/brijean-tickets/artist/2789451'}]",San Diego
vvG1IZbuK6BfCz,https://www.ticketmaster.com/tycho-premium-parking-del-mar-california-10-29-2024/event/0A0060D4C7E943B8,Tycho Premium Parking,"Tycho Premium Parking | Tue 10/29 @ 8:00pm | The Sound, Del Mar, CA",https://s1.ticketm.net/dam/c/03e/e15ef00f-2c87-4421-ae61-d740851a703e_105891_RECOMENDATION_16_9.jpg,Miscellaneous,Undefined,29-10-2024,Tue 8:00pm,2260 Jimmy Durante Blvd,Del Mar,CA,92014,US,https://www.ticketmaster.com/the-sound-tickets-del-mar/venue/82851,"{'offerUrl': 'https://www.ticketmaster.com/tycho-premium-parking-del-mar-california-10-29-2024/event/0A0060D4C7E943B8', 'availabilityStarts': '2024-06-20T23:02:00Z', 'price': 30, 'priceCurrency': 'USD'}","[{'currency': 'USD', 'min': 30}]","[{'name': 'The Sound Premium Parking', 'url': 'https://www.ticketmaster.com/the-sound-premium-parking-tickets/artist/2959011'}]",San Diego
rZ7HnEZ1AK4IF0,https://www.ticketweb.com/event/aimee-mann-jonathan-coulton-belly-up-tickets/13568224,"Aimee Mann, Jonathan Coulton","Aimee Mann, Jonathan Coulton | Tue 10/29 @ 8:00pm | Belly Up, Solana Beach, CA",https://s1.ticketm.net/dam/a/531/4dc6c858-fddf-433a-9bd5-3cfc5f0da531_RECOMENDATION_16_9.jpg,Music,Rock,29-10-2024,Tue 8:00pm,143 S. Cedros Ave,Solana Beach,CA,92075,US,https://www.ticketweb.com/venue/belly-up-solana-beach-ca/432305,"{'offerUrl': 'https://www.ticketweb.com/event/aimee-mann-jonathan-coulton-belly-up-tickets/13568224', 'availabilityStarts': '2024-06-11T17:00:00Z', 'price': 0, 'priceCurrency': 'USD'}","[{'currency': 'USD', 'min': 0}]","[{'name': 'Aimee Mann', 'url': 'https://www.ticketmaster.com/aimee-mann-tickets/artist/762729'}, {'name': 'Jonathan Coulton', 'url': 'https://www.ticketmaster.com/jonathan-coulton-tickets/artist/1165320'}]",San Diego
vvG1IZb8xdbPry,https://www.ticketmaster.com/snapdragon-stadium-tours-san-diego-california-10-30-2024/event/0A006108836257B9,Snapdragon Stadium Tours,"Snapdragon Stadium Tours | Wed 10/30 | Snapdragon Stadium, San Diego, CA",https://s1.ticketm.net/dam/a/c52/876cd107-22d0-449f-a80d-7cc8d9654c52_RECOMENDATION_16_9.jpg,Miscellaneous,Undefined,30-10-2024,Wed,2101 Stadium Way,San Diego,CA,92108,US,https://www.ticketmaster.com/snapdragon-stadium-tickets-san-diego/venue/82847,"{'offerUrl': 'https://www.ticketmaster.com/snapdragon-stadium-tours-san-diego-california-10-30-2024/event/0A006108836257B9', 'availabilityStarts': '', 'price': 30, 'priceCurrency': 'USD'}","[{'currency': 'USD', 'min': 30}]","[{'name': 'Snapdragon Stadium Tours', 'url': 'https://www.ticketmaster.com/snapdragon-stadium-tours-tickets/artist/3060631'}]",San Diego
vvG1IZ9gJLmsyy,https://www.ticketmaster.com/petco-park-tours-san-diego-california-10-30-2024/event/0A005F599FBB1E79,Petco Park Tours,"Petco Park Tours | Wed 10/30 | Petco Park, San Diego, CA",https://s1.ticketm.net/dam/a/2e7/4adeb98b-b8c3-4668-9d0e-656f821642e7_1427701_RETINA_PORTRAIT_16_9.jpg,Sports,Baseball,30-10-2024,TBA,100 Park Blvd,San Diego,CA,92101,US,https://www.ticketmaster.com/petco-park-tickets-san-diego/venue/82561,"{'offerUrl': 'https://www.ticketmaster.com/petco-park-tours-san-diego-california-10-30-2024/event/0A005F599FBB1E79', 'availabilityStarts': '2023-10-25T19:30:00Z', 'price': 25, 'priceCurrency': 'USD'}","[{'currency': 'USD', 'min': 25}]","[{'name': 'Petco Park Tours', 'url': 'https://www.ticketmaster.com/petco-park-tours-tickets/artist/1826325'}]",San Diego
LvZ18_x51Zn4nyZZv_FDk,https://www.universe.com/events/ocs-original-oktoberfest-2024-tickets-G6JPTY?ref=ticketmaster,OC's Original Oktoberfest 2024,"OC's Original Oktoberfest 2024 | Wed 10/30 @ 6:00pm | The Biergarten at Old World HB, Huntington Beach, CA",https://s1.ticketm.net/dam/a/196/9fb89673-7d11-4986-ab28-3be1771ab196_RECOMENDATION_16_9.jpg,Miscellaneous,Fairs & Festivals,30-10-2024,Wed 6:00pm,"7561 Center Ave., #49",Huntington Beach,CA,92647,US,https://www.ticketmaster.com/the-biergarten-at-old-world-hb-tickets-huntington-beach/venue/74822,"{'offerUrl': 'https://www.universe.com/events/ocs-original-oktoberfest-2024-tickets-G6JPTY?ref=ticketmaster', 'availabilityStarts': '2024-04-17T23:44:22Z', 'price': None, 'priceCurrency': 'USD'}","[{'currency': 'USD', 'min': None}]","[{'name': ""OC's Original Oktoberfest"", 'url': 'https://www.ticketmaster.com/ocs-original-oktoberfest-tickets/artist/3048946'}]",San Diego
LvZ18_xGk9RlBeZZvXAhD,https://www.universe.com/events/oktoberfest-table-reservations-2024-tickets-KJ96F8?ref=ticketmaster,Oktoberfest Table Reservations 2024,"Oktoberfest Table Reservations 2024 | Wed 10/30 @ 6:00pm | The Biergarten at Old World HB, Huntington Beach, CA",https://s1.ticketm.net/dam/a/196/9fb89673-7d11-4986-ab28-3be1771ab196_RECOMENDATION_16_9.jpg,Miscellaneous,Fairs & Festivals,30-10-2024,Wed 6:00pm,"7561 Center Ave., #49",Huntington Beach,CA,92647,US,https://www.ticketmaster.com/the-biergarten-at-old-world-hb-tickets-huntington-beach/venue/74822,"{'offerUrl': 'https://www.universe.com/events/oktoberfest-table-reservations-2024-tickets-KJ96F8?ref=ticketmaster', 'availabilityStarts': '2024-04-20T00:02:12Z', 'price': None, 'priceCurrency': 'USD'}","[{'currency': 'USD', 'min': None}]","[{'name': ""OC's Original Oktoberfest"", 'url': 'https://www.ticketmaster.com/ocs-original-oktoberfest-tickets/artist/3048946'}]",San Diego
vvG1iZb21LXviC,https://concerts.livenation.com/fast-lane-access-cortex-not-a-san-diego-california-10-30-2024/event/0B0060F29FF81B0E,Fast Lane Access - Cortex - Not a Concert Ticket,"Fast Lane Access - Cortex - Not a Concert Ticket | Wed 10/30 @ 7:00pm | The Observatory North Park, San Diego, CA",https://s1.ticketm.net/dam/a/72d/33036a53-6621-4e1a-a7eb-7aad5acc872d_898681_RETINA_PORTRAIT_16_9.jpg,Miscellaneous,Undefined,30-10-2024,Wed 7:00pm,2891 University Ave,San Diego,CA,92104,US,https://www.ticketmaster.com/the-observatory-north-park-tickets-san-diego/venue/90384,"{'offerUrl': 'https://concerts.livenation.com/fast-lane-access-cortex-not-a-san-diego-california-10-30-2024/event/0B0060F29FF81B0E', 'availabilityStarts': '2024-08-01T16:00:00Z', 'price': 20, 'priceCurrency': 'USD'}","[{'currency': 'USD', 'min': 20}]","[{'name': 'Live Nation Fast Lane', 'url': 'https://www.ticketmaster.com/live-nation-fast-lane-tickets/artist/2461867'}, {'name': 'LN Fast Lane', 'url': 'https://www.ticketmaster.com/ln-fast-lane-tickets/artist/2701838'}]",San Diego
vvG1iZb21rLvlz,https://concerts.livenation.com/vip-club-access-cortex-not-a-san-diego-california-10-30-2024/event/0B0060F29E7C1AF8,VIP Club Access - Cortex - Not a Concert Ticket,"VIP Club Access - Cortex - Not a Concert Ticket | Wed 10/30 @ 7:00pm | The Observatory North Park, San Diego, CA",https://s1.ticketm.net/dam/a/335/b55e40eb-5cc8-480a-9073-725d19fd9335_1479961_RETINA_PORTRAIT_16_9.jpg,Miscellaneous,Undefined,30-10-2024,Wed 7:00pm,2891 University Ave,San Diego,CA,92104,US,https://www.ticketmaster.com/the-observatory-north-park-tickets-san-diego/venue/90384,"{'offerUrl': 'https://concerts.livenation.com/vip-club-access-cortex-not-a-san-diego-california-10-30-2024/event/0B0060F29E7C1AF8', 'availabilityStarts': '2024-08-01T16:00:00Z', 'price': 45, 'priceCurrency': 'USD'}","[{'currency': 'USD', 'min': 45}]","[{'name': 'Live Nation VIP Club Access', 'url': 'https://www.ticketmaster.com/live-nation-vip-club-access-tickets/artist/2461868'}, {'name': 'LN VIP Club Access', 'url': 'https://www.ticketmaster.com/ln-vip-club-access-tickets/artist/2701833'}]",San Diego
vvG1iZbCSMS3Is,https://concerts.livenation.com/cortex-san-diego-california-10-30-2024/event/0B0060ECF7CD2A31,Cortex,"Cortex | Wed 10/30 @ 7:00pm | The Observatory North Park, San Diego, CA",https://s1.ticketm.net/dam/a/e6d/9411ed91-b8f6-439d-966d-ddee32618e6d_RETINA_PORTRAIT_16_9.jpg,Music,Jazz,30-10-2024,Wed 7:00pm,2891 University Ave,San Diego,CA,92104,US,https://www.ticketmaster.com/the-observatory-north-park-tickets-san-diego/venue/90384,"{'offerUrl': 'https://concerts.livenation.com/cortex-san-diego-california-10-30-2024/event/0B0060ECF7CD2A31', 'availabilityStarts': '2024-08-01T16:00:00Z', 'price': 35, 'priceCurrency': 'USD'}","[{'currency': 'USD', 'min': 35}]","[{'name': 'Cortex', 'url': 'https://www.ticketmaster.com/cortex-tickets/artist/2736674'}]",San Diego
vvG1IZbfTl_K9h,https://www.ticketmaster.com/san-diego-state-mens-basketball-vs-san-diego-california-10-30-2024/event/0A00614FEB6535DB,San Diego State Men's Basketball vs. Cal State San Marcos Men's Basketball,"San Diego State Men's Basketball vs. Cal State San Marcos Men's Basketball | Wed 10/30 @ 7:00pm | Viejas Arena at Aztec Bowl San Diego State University, San Diego, CA",https://s1.ticketm.net/dam/c/8d5/f95bdd17-1d94-4e98-9295-641e4db558d5_105621_RECOMENDATION_16_9.jpg,Sports,Basketball,30-10-2024,Wed 7:00pm,SDSU,San Diego,CA,92182,US,https://www.ticketmaster.com/viejas-arena-at-aztec-bowl-san-diego-state-university-tickets-san-diego/venue/82162,"{'offerUrl': 'https://www.ticketmaster.com/san-diego-state-mens-basketball-vs-san-diego-california-10-30-2024/event/0A00614FEB6535DB', 'availabilityStarts': '2024-10-21T17:00:00Z', 'price': 15, 'priceCurrency': 'USD'}","[{'currency': 'USD', 'min': 15}]","[{'name': ""San Diego State Men's Basketball"", 'url': 'https://www.ticketmaster.com/san-diego-state-mens-basketball-tickets/artist/1921798'}, {'name': ""Cal State San Marcos Men's Basketball"", 'url': 'https://www.ticketmaster.com/cal-state-san-marcos-mens-basketball-tickets/artist/1909472'}]",San Diego
rZ7HnEZ1AKpff0,https://www.ticketweb.com/event/free-show-latin-ivanz-house-at-mozambique-tickets/13594524,FREE SHOW - Latin Night: Adelaide Pilar,"FREE SHOW - Latin Night: Adelaide Pilar | Wed 10/30 @ 7:00pm | Ivan'z House at Mozambique, Laguna Beach, CA",https://s1.ticketm.net/dam/c/548/5fefbd1c-973b-4b0e-9b2e-d78e4ce37548_106111_RETINA_PORTRAIT_16_9.jpg,Music,World,30-10-2024,Wed 7:00pm,1740 S. Coast Highway,Laguna Beach,CA,92651,US,https://www.ticketweb.com/venue/ivanz-house-at-mozambique-laguna-beach-ca/399795,"{'offerUrl': 'https://www.ticketweb.com/event/free-show-latin-ivanz-house-at-mozambique-tickets/13594524', 'availabilityStarts': '2024-09-13T16:00:00Z', 'price': 0, 'priceCurrency': 'USD'}","[{'currency': 'USD', 'min': 0}]",[],San Diego
vvG10Zb2VZp9yK,https://concerts.livenation.com/sleepy-hallow-sheff-g-santa-ana-california-10-30-2024/event/090060FD00597E53,Sleepy Hallow & Sheff G,"Sleepy Hallow & Sheff G | Wed 10/30 @ 7:00pm | The Observatory, Santa Ana, CA",https://s1.ticketm.net/dam/a/316/6e426af8-4300-41e0-9c85-c3781bbea316_1528621_RECOMENDATION_16_9.jpg,Music,Hip-Hop/Rap,30-10-2024,Wed 7:00pm,3503 S. Harbor Blvd.,Santa Ana,CA,92704,US,https://www.ticketmaster.com/the-observatory-tickets-santa-ana/venue/73867,"{'offerUrl': 'https://concerts.livenation.com/sleepy-hallow-sheff-g-santa-ana-california-10-30-2024/event/090060FD00597E53', 'availabilityStarts': '2024-08-07T17:00:00Z', 'price': 52, 'priceCurrency': 'USD'}","[{'currency': 'USD', 'min': 52}]","[{'name': 'Sleepy Hallow', 'url': 'https://www.ticketmaster.com/sleepy-hallow-tickets/artist/2820264'}, {'name': 'Sheff G', 'url': 'https://www.ticketmaster.com/sheff-g-tickets/artist/2597347'}]",San Diego
vvG10Zb2VdZ6yB,https://concerts.livenation.com/premier-parking-sleepy-hallow-sheff-g-santa-ana-california-10-30-2024/event/090060FD03007E7A,Premier Parking - Sleepy Hallow & Sheff G - Not A Concert Ticket,"Premier Parking - Sleepy Hallow & Sheff G - Not A Concert Ticket | Wed 10/30 @ 7:00pm | The Observatory, Santa Ana, CA",https://s1.ticketm.net/dam/a/8e4/5748bfe8-9dee-46e2-a8c6-9f44ee52b8e4_1200441_RECOMENDATION_16_9.jpg,Miscellaneous,Undefined,30-10-2024,Wed 7:00pm,3503 S. Harbor Blvd.,Santa Ana,CA,92704,US,https://www.ticketmaster.com/the-observatory-tickets-santa-ana/venue/73867,"{'offerUrl': 'https://concerts.livenation.com/premier-parking-sleepy-hallow-sheff-g-santa-ana-california-10-30-2024/event/090060FD03007E7A', 'availabilityStarts': '2024-08-07T19:00:00Z', 'price': 10, 'priceCurrency': 'USD'}","[{'currency': 'USD', 'min': 10}]","[{'name': 'Live Nation Premier Parking', 'url': 'https://www.ticketmaster.com/live-nation-premier-parking-tickets/artist/2461863'}, {'name': 'LN Parking', 'url': 'https://www.ticketmaster.com/ln-parking-tickets/artist/2701831'}]",San Diego
vvG10Zb2Vd_MyT,https://concerts.livenation.com/fast-lane-access-sleepy-hallow-sheff-santa-ana-california-10-30-2024/event/090060FD03677E7F,Fast Lane Access - Sleepy Hallow & Sheff G - Not A Concert Ticket,"Fast Lane Access - Sleepy Hallow & Sheff G - Not A Concert Ticket | Wed 10/30 @ 7:00pm | The Observatory, Santa Ana, CA",https://s1.ticketm.net/dam/a/72d/33036a53-6621-4e1a-a7eb-7aad5acc872d_898681_RETINA_PORTRAIT_16_9.jpg,Miscellaneous,Undefined,30-10-2024,Wed 7:00pm,3503 S. Harbor Blvd.,Santa Ana,CA,92704,US,https://www.ticketmaster.com/the-observatory-tickets-santa-ana/venue/73867,"{'offerUrl': 'https://concerts.livenation.com/fast-lane-access-sleepy-hallow-sheff-santa-ana-california-10-30-2024/event/090060FD03677E7F', 'availabilityStarts': '2024-08-07T19:00:00Z', 'price': 20, 'priceCurrency': 'USD'}","[{'currency': 'USD', 'min': 20}]","[{'name': 'Live Nation Fast Lane', 'url': 'https://www.ticketmaster.com/live-nation-fast-lane-tickets/artist/2461867'}, {'name': 'LN Fast Lane', 'url': 'https://www.ticketmaster.com/ln-fast-lane-tickets/artist/2701838'}]",San Diego
vv1AaZk7zGkeBFeou,https://concerts.livenation.com/premier-parking-srsq-not-a-concert-santa-ana-california-10-30-2024/event/09006138BA20244D,Premier Parking - SRSQ - Not a Concert Ticket,"Premier Parking - SRSQ - Not a Concert Ticket | Wed 10/30 @ 7:00pm | Constellation Room, Santa Ana, CA",https://s1.ticketm.net/dam/a/8e4/5748bfe8-9dee-46e2-a8c6-9f44ee52b8e4_1200441_RECOMENDATION_16_9.jpg,Miscellaneous,Undefined,30-10-2024,Wed 7:00pm,3503 South Harbor Boulevard,Santa Ana,CA,92704,US,https://www.ticketmaster.com/constellation-room-tickets-santa-ana/venue/74683,"{'offerUrl': 'https://concerts.livenation.com/premier-parking-srsq-not-a-concert-santa-ana-california-10-30-2024/event/09006138BA20244D', 'availabilityStarts': '2024-09-26T17:00:00Z', 'price': 10, 'priceCurrency': 'USD'}","[{'currency': 'USD', 'min': 10}]","[{'name': 'Live Nation Premier Parking', 'url': 'https://www.ticketmaster.com/live-nation-premier-parking-tickets/artist/2461863'}, {'name': 'LN Parking', 'url': 'https://www.ticketmaster.com/ln-parking-tickets/artist/2701831'}]",San Diego
vv1AaZk7zGkeyCe8x,https://concerts.livenation.com/srsq-santa-ana-california-10-30-2024/event/09006138B9382422,SRSQ,"SRSQ | Wed 10/30 @ 7:00pm | Constellation Room, Santa Ana, CA",https://s1.ticketm.net/dam/a/f13/1929b20b-8023-456b-a6fc-09782cdf0f13_RETINA_PORTRAIT_16_9.jpg,Music,Pop,30-10-2024,Wed 7:00pm,3503 South Harbor Boulevard,Santa Ana,CA,92704,US,https://www.ticketmaster.com/constellation-room-tickets-santa-ana/venue/74683,"{'offerUrl': 'https://concerts.livenation.com/srsq-santa-ana-california-10-30-2024/event/09006138B9382422', 'availabilityStarts': '2024-09-27T17:00:00Z', 'price': 15, 'priceCurrency': 'USD'}","[{'currency': 'USD', 'min': 15}]","[{'name': 'SRSQ', 'url': 'https://www.ticketmaster.com/srsq-tickets/artist/2738789'}]",San Diego
vvG10Zb1T4CUpc,https://www.ticketmaster.com/premium-club-seats-kirk-franklin-reunion-anaheim-california-10-30-2024/event/090060AFD53B65AD,Premium Club Seats - Kirk Franklin - Reunion Tour 2024,"Premium Club Seats - Kirk Franklin - Reunion Tour 2024 | Wed 10/30 @ 7:00pm | Honda Center, Anaheim, CA",https://s1.ticketm.net/dam/a/049/08eb4f9f-a28a-4dd2-9d9a-e90c6e5a1049_RECOMENDATION_16_9.jpg,Music,Religious,30-10-2024,Wed 7:00pm,2695 E. Katella,Anaheim,CA,92806,US,https://www.ticketmaster.com/honda-center-tickets-anaheim/venue/73797,"{'offerUrl': 'https://www.ticketmaster.com/premium-club-seats-kirk-franklin-reunion-anaheim-california-10-30-2024/event/090060AFD53B65AD', 'availabilityStarts': '', 'price': None, 'priceCurrency': None}",[],"[{'name': 'Kirk Franklin', 'url': 'https://www.ticketmaster.com/kirk-franklin-tickets/artist/768850'}, {'name': 'Yolanda Adams', 'url': 'https://www.ticketmaster.com/yolanda-adams-tickets/artist/753992'}, {'name': 'Marvin Sapp', 'url': 'https://www.ticketmaster.com/marvin-sapp-tickets/artist/782587'}, {'name': 'Clark Sisters', 'url': 'https://www.ticketmaster.com/clark-sisters-tickets/artist/874662'}, {'name': 'Fred Hammond', 'url': 'https://www.ticketmaster.com/fred-hammond-tickets/artist/769225'}]",San Diego
vvG10Zb1T4uJpt,https://www.ticketmaster.com/kirk-franklin-reunion-tour-2024-anaheim-california-10-30-2024/event/090060AFD53665A9,Kirk Franklin - REUNION TOUR 2024,"Kirk Franklin - REUNION TOUR 2024 | Wed 10/30 @ 7:00pm | Honda Center, Anaheim, CA",https://s1.ticketm.net/dam/a/049/08eb4f9f-a28a-4dd2-9d9a-e90c6e5a1049_RECOMENDATION_16_9.jpg,Music,Religious,30-10-2024,Wed 7:00pm,2695 E. Katella,Anaheim,CA,92806,US,https://www.ticketmaster.com/honda-center-tickets-anaheim/venue/73797,"{'offerUrl': 'https://www.ticketmaster.com/kirk-franklin-reunion-tour-2024-anaheim-california-10-30-2024/event/090060AFD53665A9', 'availabilityStarts': '2024-05-22T17:00:00Z', 'price': 39.5, 'priceCurrency': 'USD'}","[{'currency': 'USD', 'min': 39.5}]","[{'name': 'Kirk Franklin', 'url': 'https://www.ticketmaster.com/kirk-franklin-tickets/artist/768850'}, {'name': 'Yolanda Adams', 'url': 'https://www.ticketmaster.com/yolanda-adams-tickets/artist/753992'}, {'name': 'Marvin Sapp', 'url': 'https://www.ticketmaster.com/marvin-sapp-tickets/artist/782587'}, {'name': 'Clark Sisters', 'url': 'https://www.ticketmaster.com/clark-sisters-tickets/artist/874662'}, {'name': 'Fred Hammond', 'url': 'https://www.ticketmaster.com/fred-hammond-tickets/artist/769225'}]",San Diego
vv170ZboGkDLwpVW,https://concerts.livenation.com/robbietheused-anaheim-california-10-30-2024/event/0900611EDFC96D3D,robbietheused,"robbietheused | Wed 10/30 @ 7:00pm | The Parish at House of Blues Anaheim, Anaheim, CA",https://s1.ticketm.net/dam/a/a2c/3c88baaa-8117-490f-b66f-c32926548a2c_RETINA_PORTRAIT_16_9.jpg,Music,Pop,30-10-2024,Wed 7:00pm,"400 W Disney Way, #337",Anaheim,CA,92802,US,https://www.ticketmaster.com/the-parish-at-house-of-blues-anaheim-tickets-anaheim/venue/74687,"{'offerUrl': 'https://concerts.livenation.com/robbietheused-anaheim-california-10-30-2024/event/0900611EDFC96D3D', 'availabilityStarts': '2024-09-13T16:00:00Z', 'price': 49.5, 'priceCurrency': 'USD'}","[{'currency': 'USD', 'min': 49.5}]","[{'name': 'robbietheused', 'url': 'https://www.ticketmaster.com/robbietheused-tickets/artist/3214488'}]",San Diego
vvG1iZbfCPQSlb,https://www.ticketmaster.com/ypac-movie-night-yucaipa-california-10-30-2024/event/0B006143A56B3AD8,YPAC Movie Night,"YPAC Movie Night | Wed 10/30 @ 7:00pm | Yucaipa Performing Arts Center Indoor Theatre, Yucaipa, CA",https://s1.ticketm.net/dam/e/bce/48445093-62bd-4deb-b19d-4ebe870c5bce_RETINA_PORTRAIT_16_9.jpg,Film,Science Fiction,30-10-2024,Wed 7:00pm,12062 California Street,Yucaipa,CA,92399,US,https://www.ticketmaster.com/yucaipa-performing-arts-center-indoor-theatre-tickets-yucaipa/venue/90408,"{'offerUrl': 'https://www.ticketmaster.com/ypac-movie-night-yucaipa-california-10-30-2024/event/0B006143A56B3AD8', 'availabilityStarts': '2024-10-04T00:00:00Z', 'price': 8, 'priceCurrency': 'USD'}","[{'currency': 'USD', 'min': 8}]",[],San Diego
Z7r9jZ1A7k4a7,https://www.ticketmaster.com/event/Z7r9jZ1A7k4a7,AJ Croce,"AJ Croce | Wed 10/30 @ 7:00pm | Cerritos Center, Cerritos, CA",https://s1.ticketm.net/dam/a/ab5/15eff04a-1294-4a86-91c0-c8f2d43c3ab5_RETINA_PORTRAIT_16_9.jpg,Music,Other,30-10-2024,Wed 7:00pm,12700 Center Court Dr S,Cerritos,CA,90703,US,https://www.ticketmaster.com/cerritos-center-tickets-cerritos/venue/Z6r9jZ7v6e,"{'offerUrl': 'https://www.ticketmaster.com/event/Z7r9jZ1A7k4a7', 'availabilityStarts': '1900-01-01T06:00:00Z', 'price': None, 'priceCurrency': None}",[],"[{'name': 'A.J. Croce', 'url': 'https://www.ticketmaster.com/aj-croce-tickets/artist/850504'}]",San Diego
rZ7HnEZ1AKf4Af,https://www.ticketweb.com/event/makari-with-special-guests-at-brick-by-brick-tickets/13515154,Makari with special guests at Brick by Brick,"Makari with special guests at Brick by Brick | Wed 10/30 @ 7:30pm | Brick By Brick, San Diego, CA",https://i.ticketweb.com/i/00/12/29/81/44_Edp.jpg?v=5,Music,Rock,30-10-2024,Wed 7:30pm,1130 Buenos Ave,San Diego,CA,92110,US,https://www.ticketweb.com/venue/brick-by-brick-san-diego-ca/466885,"{'offerUrl': 'https://www.ticketweb.com/event/makari-with-special-guests-at-brick-by-brick-tickets/13515154', 'availabilityStarts': '2024-05-16T17:00:00Z', 'price': 24.13, 'priceCurrency': 'USD'}","[{'currency': 'USD', 'min': 24.13}]",[],San Diego
LvZ18_l2AHSIQBZZvy2f3,https://www.universe.com/events/drag-show-wild-wednesdays-at-marys-long-beach-location-tickets-MFHJ3W?ref=ticketmaster,"Drag Show: ""Wild Wednesdays"" at Mary's Long Beach Location","Drag Show: ""Wild Wednesdays"" at Mary's Long Beach Location | Wed 10/30 @ 7:30pm | Hamburger Mary's - Long Beach, Long Beach, CA",https://s1.ticketm.net/dam/c/2db/d6726400-e873-433e-abbf-4d43eb78d2db_105941_RETINA_PORTRAIT_16_9.jpg,Arts & Theatre,Performance Art,30-10-2024,Wed 7:30pm,330 Pine Avenue,Long Beach,CA,90802,US,https://www.ticketmaster.com/hamburger-marys-long-beach-tickets-long-beach/venue/74851,"{'offerUrl': 'https://www.universe.com/events/drag-show-wild-wednesdays-at-marys-long-beach-location-tickets-MFHJ3W?ref=ticketmaster', 'availabilityStarts': '2024-04-17T03:55:44Z', 'price': None, 'priceCurrency': 'USD'}","[{'currency': 'USD', 'min': None}]","[{'name': ""Hamburger Mary's"", 'url': 'https://www.ticketmaster.com/hamburger-marys-tickets/artist/3132064'}, {'name': ""Hamburger Mary's - The Starlette Revue Drag Show"", 'url': 'https://www.ticketmaster.com/hamburger-marys-the-starlette-revue-drag-show-tickets/artist/3159494'}]",San Diego
rZ7HnEZ1AK48rf,https://www.ticketweb.com/event/alex-warren-soma-sidestage-tickets/13550794,"ALEX WARREN -  “You'll Be Alright, Kid” Tour","ALEX WARREN -  “You'll Be Alright, Kid” Tour | Wed 10/30 @ 8:00pm | SOMA - Sidestage, San Diego, CA",https://s1.ticketm.net/dam/c/4f2/0109888a-61b5-4525-8432-b026ef04f4f2_105631_RETINA_PORTRAIT_16_9.jpg,Music,Pop,30-10-2024,Wed 8:00pm,3350 Sports Arena Blvd,San Diego,CA,92110,US,https://www.ticketweb.com/venue/soma--sidestage-san-diego-ca/434165,"{'offerUrl': 'https://www.ticketweb.com/event/alex-warren-soma-sidestage-tickets/13550794', 'availabilityStarts': '2024-06-05T17:00:00Z', 'price': 0, 'priceCurrency': 'USD'}","[{'currency': 'USD', 'min': 0}]",[],San Diego
rZ7HnEZ1AKqboK,https://www.ticketweb.com/event/y-la-bamba-kiltro-belly-up-tickets/13758453,"Y La Bamba , Kiltro","Y La Bamba , Kiltro | Wed 10/30 @ 8:00pm | Belly Up, Solana Beach, CA",https://s1.ticketm.net/dam/a/e96/e45960ea-1962-444e-a533-30eafaf13e96_1754281_RECOMENDATION_16_9.jpg,Music,Rock,30-10-2024,Wed 8:00pm,143 S. Cedros Ave,Solana Beach,CA,92075,US,https://www.ticketweb.com/venue/belly-up-solana-beach-ca/432305,"{'offerUrl': 'https://www.ticketweb.com/event/y-la-bamba-kiltro-belly-up-tickets/13758453', 'availabilityStarts': '2024-07-16T17:00:00Z', 'price': 34.25, 'priceCurrency': 'USD'}","[{'currency': 'USD', 'min': 34.25}]","[{'name': 'Y La Bamba', 'url': 'https://www.ticketmaster.com/y-la-bamba-tickets/artist/1500792'}, {'name': 'Kiltro', 'url': 'https://www.ticketmaster.com/kiltro-tickets/artist/2911085'}]",San Diego
rZ7HnEZ1AKj34N,https://www.ticketweb.com/event/the-musical-box-the-coach-house-tickets/13712563,The Musical Box,"The Musical Box | Wed 10/30 @ 8:00pm | The Coach House, San Juan Capistrano, CA",https://s1.ticketm.net/dam/a/046/7004d900-1773-435c-8f80-4e797403f046_1562681_RECOMENDATION_16_9.jpg,Music,Other,30-10-2024,Wed 8:00pm,"33157 Camino Capistrano, Suite C",San Juan Capistrano,CA,92675,US,https://www.ticketweb.com/venue/the-coach-house-san-juan-capistrano-ca/270734,"{'offerUrl': 'https://www.ticketweb.com/event/the-musical-box-the-coach-house-tickets/13712563', 'availabilityStarts': '2024-06-21T17:00:00Z', 'price': 59.38, 'priceCurrency': 'USD'}","[{'currency': 'USD', 'min': 59.38}]","[{'name': 'The Musical Box', 'url': 'https://www.ticketmaster.com/the-musical-box-tickets/artist/899419'}]",San Diego
vvG10ZbGJ6bOXC,https://www.ticketmaster.com/zz-top-anaheim-california-10-30-2024/event/090060C987620F8E,ZZ Top,"ZZ Top | Wed 10/30 @ 8:00pm | City National Grove of Anaheim, Anaheim, CA",https://s1.ticketm.net/dam/a/60b/945abba9-7ebf-4862-a8a5-a622c8b0560b_RECOMENDATION_16_9.jpg,Music,Rock,30-10-2024,Wed 8:00pm,2200 East Katella Ave.,Anaheim,CA,92806,US,https://www.ticketmaster.com/city-national-grove-of-anaheim-tickets-anaheim/venue/74000,"{'offerUrl': 'https://www.ticketmaster.com/zz-top-anaheim-california-10-30-2024/event/090060C987620F8E', 'availabilityStarts': '2024-06-14T17:00:00Z', 'price': 55, 'priceCurrency': 'USD'}","[{'currency': 'USD', 'min': 55}]","[{'name': 'ZZ Top', 'url': 'https://www.ticketmaster.com/zz-top-tickets/artist/736523'}]",San Diego
vvG10ZbGhY6gLt,https://www.ticketmaster.com/zz-top-parking-anaheim-california-10-30-2024/event/090060C6F01F57E9,ZZ TOP PARKING,"ZZ TOP PARKING | Wed 10/30 @ 8:00pm | City National Grove of Anaheim, Anaheim, CA",https://s1.ticketm.net/dam/a/779/3c73fb0a-0c71-44c1-b6b2-039b12e05779_RECOMENDATION_16_9.jpg,Miscellaneous,Undefined,30-10-2024,Wed 8:00pm,2200 East Katella Ave.,Anaheim,CA,92806,US,https://www.ticketmaster.com/city-national-grove-of-anaheim-tickets-anaheim/venue/74000,"{'offerUrl': 'https://www.ticketmaster.com/zz-top-parking-anaheim-california-10-30-2024/event/090060C6F01F57E9', 'availabilityStarts': '2024-06-12T17:00:00Z', 'price': 20, 'priceCurrency': 'USD'}","[{'currency': 'USD', 'min': 20}]","[{'name': 'City National Grove Parking', 'url': 'https://www.ticketmaster.com/city-national-grove-parking-tickets/artist/2797749'}]",San Diego
Z7r9jZ1A7a7--,https://www.ticketmaster.com/event/Z7r9jZ1A7a7--,Joe Bonamassa,"Joe Bonamassa | Wed 10/30 @ 8:00pm | The Show - Agua Caliente Casino, Rancho Mirage, CA",https://s1.ticketm.net/dam/a/5ab/4295a3f4-1078-4576-9d42-8e3d77c115ab_RECOMENDATION_16_9.jpg,Music,Blues,30-10-2024,Wed 8:00pm,32-250 Bob Hope Drive,Rancho Mirage,CA,92270,US,https://www.ticketmaster.com/the-show-agua-caliente-casino-tickets-rancho-mirage/venue/ZFr9jZ6k6a,"{'offerUrl': 'https://www.ticketmaster.com/event/Z7r9jZ1A7a7--', 'availabilityStarts': '2024-04-12T17:00:00Z', 'price': None, 'priceCurrency': None}",[],"[{'name': 'Joe Bonamassa', 'url': 'https://www.ticketmaster.com/joe-bonamassa-tickets/artist/838397'}]",San Diego
rZ7HnEZ1AK-vjK,https://www.ticketweb.com/event/sheryl-underwood-friends-featuring-brea-improv-tickets/13841713,Sheryl Underwood & Friends Featuring Kyle Erby & Mike Washington,"Sheryl Underwood & Friends Featuring Kyle Erby & Mike Washington | Wed 10/30 @ 8:00pm | Brea Improv, Brea, CA",https://s1.ticketm.net/dam/a/170/71e94a84-97c7-440f-9bd3-3219a2cba170_1300511_RETINA_PORTRAIT_16_9.jpg,Arts & Theatre,Comedy,30-10-2024,Wed 8:00pm,180 S Brea Blvd,Brea,CA,92821,US,https://www.ticketweb.com/venue/brea-improv-brea-ca/427885,"{'offerUrl': 'https://www.ticketweb.com/event/sheryl-underwood-friends-featuring-brea-improv-tickets/13841713', 'availabilityStarts': '2024-08-08T17:00:00Z', 'price': 37.17, 'priceCurrency': 'USD'}","[{'currency': 'USD', 'min': 37.17}]","[{'name': 'Sheryl Underwood', 'url': 'https://www.ticketmaster.com/sheryl-underwood-tickets/artist/806179'}]",San Diego
rZ7HnEZ1AK0_bN,https://www.ticketweb.com/event/the-buddy-system-ontario-improv-tickets/13919623,The Buddy System,"The Buddy System | Wed 10/30 @ 8:00pm | Ontario Improv, Ontario, CA",https://s1.ticketm.net/dam/c/50a/fa9caa1f-73a1-411e-b507-ec56fa59650a_106061_RECOMENDATION_16_9.jpg,Arts & Theatre,Comedy,30-10-2024,Wed 8:00pm,4555 Mills Cir,Ontario,CA,91764,US,https://www.ticketweb.com/venue/ontario-improv-ontario-ca/427965,"{'offerUrl': 'https://www.ticketweb.com/event/the-buddy-system-ontario-improv-tickets/13919623', 'availabilityStarts': '2024-10-17T17:00:00Z', 'price': 31.92, 'priceCurrency': 'USD'}","[{'currency': 'USD', 'min': 31.92}]","[{'name': 'George Ferido', 'url': 'https://www.ticketmaster.com/george-ferido-tickets/artist/2663163'}]",San Diego
vvG1IZ9gJLRoyH,https://www.ticketmaster.com/petco-park-tours-san-diego-california-10-31-2024/event/0A005F599FBD1E7C,Petco Park Tours,"Petco Park Tours | Thu 10/31 | Petco Park, San Diego, CA",https://s1.ticketm.net/dam/a/2e7/4adeb98b-b8c3-4668-9d0e-656f821642e7_1427701_RETINA_PORTRAIT_16_9.jpg,Sports,Baseball,31-10-2024,TBA,100 Park Blvd,San Diego,CA,92101,US,https://www.ticketmaster.com/petco-park-tickets-san-diego/venue/82561,"{'offerUrl': 'https://www.ticketmaster.com/petco-park-tours-san-diego-california-10-31-2024/event/0A005F599FBD1E7C', 'availabilityStarts': '2023-10-25T19:30:00Z', 'price': 25, 'priceCurrency': 'USD'}","[{'currency': 'USD', 'min': 25}]","[{'name': 'Petco Park Tours', 'url': 'https://www.ticketmaster.com/petco-park-tours-tickets/artist/1826325'}]",San Diego
Z7r9jZ1A7u9us,https://www.ticketmaster.com/event/Z7r9jZ1A7u9us,Del Mar Thoroughbred Racing,"Del Mar Thoroughbred Racing | Thu 10/31 @ 12:30pm | Del Mar Thoroughbred Club, Del Mar, CA",https://s1.ticketm.net/dam/c/3b0/f8ca600f-85dc-48a6-9f5e-d236e035a3b0_105591_RETINA_PORTRAIT_16_9.jpg,Sports,Equestrian,31-10-2024,Thu 12:30pm,,Del Mar,CA,92014,US,https://www.ticketmaster.com/del-mar-thoroughbred-club-tickets-del-mar/venue/ZFr9jZdkk7,"{'offerUrl': 'https://www.ticketmaster.com/event/Z7r9jZ1A7u9us', 'availabilityStarts': '1900-01-01T06:00:00Z', 'price': None, 'priceCurrency': None}",[],"[{'name': 'Del Mar Thoroughbred Racing', 'url': 'https://www.ticketmaster.com/del-mar-thoroughbred-racing-tickets/artist/ZFr9jZ77e1'}]",San Diego
LvZ18_x51Zn4nyZZv_FD6,https://www.universe.com/events/ocs-original-oktoberfest-2024-tickets-G6JPTY?ref=ticketmaster,OC's Original Oktoberfest 2024,"OC's Original Oktoberfest 2024 | Thu 10/31 @ 6:00pm | The Biergarten at Old World HB, Huntington Beach, CA",https://s1.ticketm.net/dam/a/196/9fb89673-7d11-4986-ab28-3be1771ab196_RECOMENDATION_16_9.jpg,Miscellaneous,Fairs & Festivals,31-10-2024,Thu 6:00pm,"7561 Center Ave., #49",Huntington Beach,CA,92647,US,https://www.ticketmaster.com/the-biergarten-at-old-world-hb-tickets-huntington-beach/venue/74822,"{'offerUrl': 'https://www.universe.com/events/ocs-original-oktoberfest-2024-tickets-G6JPTY?ref=ticketmaster', 'availabilityStarts': '2024-04-17T23:44:22Z', 'price': None, 'priceCurrency': 'USD'}","[{'currency': 'USD', 'min': None}]","[{'name': ""OC's Original Oktoberfest"", 'url': 'https://www.ticketmaster.com/ocs-original-oktoberfest-tickets/artist/3048946'}]",San Diego
LvZ18_xGk9RlBeZZvXAhH,https://www.universe.com/events/oktoberfest-table-reservations-2024-tickets-KJ96F8?ref=ticketmaster,Oktoberfest Table Reservations 2024,"Oktoberfest Table Reservations 2024 | Thu 10/31 @ 6:00pm | The Biergarten at Old World HB, Huntington Beach, CA",https://s1.ticketm.net/dam/a/196/9fb89673-7d11-4986-ab28-3be1771ab196_RECOMENDATION_16_9.jpg,Miscellaneous,Fairs & Festivals,31-10-2024,Thu 6:00pm,"7561 Center Ave., #49",Huntington Beach,CA,92647,US,https://www.ticketmaster.com/the-biergarten-at-old-world-hb-tickets-huntington-beach/venue/74822,"{'offerUrl': 'https://www.universe.com/events/oktoberfest-table-reservations-2024-tickets-KJ96F8?ref=ticketmaster', 'availabilityStarts': '2024-04-20T00:02:12Z', 'price': None, 'priceCurrency': 'USD'}","[{'currency': 'USD', 'min': None}]","[{'name': ""OC's Original Oktoberfest"", 'url': 'https://www.ticketmaster.com/ocs-original-oktoberfest-tickets/artist/3048946'}]",San Diego
rZ7HnEZ1AKrZPS,https://www.ticketweb.com/event/terror-negative-approach-haywire-big-garden-amphitheatre-tickets/13780973,"Terror, Negative Approach, Haywire, Big Ass Truck","Terror, Negative Approach, Haywire, Big Ass Truck | Thu 10/31 @ 6:00pm | Garden Amphitheatre, Garden Grove, CA",https://s1.ticketm.net/dam/a/a00/4e346d40-c303-410a-8008-85936f508a00_28101_RETINA_PORTRAIT_16_9.jpg,Music,Rock,31-10-2024,Thu 6:00pm,12762 Main Street,Garden Grove,CA,92840,US,https://www.ticketweb.com/venue/garden-amphitheatre-garden-grove-ca/434095,"{'offerUrl': 'https://www.ticketweb.com/event/terror-negative-approach-haywire-big-garden-amphitheatre-tickets/13780973', 'availabilityStarts': '2024-09-13T17:00:00Z', 'price': 31.34, 'priceCurrency': 'USD'}","[{'currency': 'USD', 'min': 31.34}]","[{'name': 'Terror', 'url': 'https://www.ticketmaster.com/terror-tickets/artist/862397'}, {'name': 'Big Ass Truck', 'url': 'https://www.ticketmaster.com/big-ass-truck-tickets/artist/777262'}]",San Diego
Z7r9jZ1A7uk1K,https://www.ticketmaster.com/event/Z7r9jZ1A7uk1K,Oogie Boogie Bash,"Oogie Boogie Bash | Thu 10/31 @ 6:00pm | Disney California Adventure Park, Anaheim, CA",https://s1.ticketm.net/dam/c/393/b74d3ddc-a5f3-4e09-a801-89c36b774393_106071_RECOMENDATION_16_9.jpg,Arts & Theatre,Miscellaneous,31-10-2024,Thu 6:00pm,1313 Disneyland Dr,Anaheim,CA,92802,US,https://www.ticketmaster.com/disney-california-adventure-park-tickets-anaheim/venue/Z7r9jZa7l2,"{'offerUrl': 'https://www.ticketmaster.com/event/Z7r9jZ1A7uk1K', 'availabilityStarts': '1900-01-01T18:00:00Z', 'price': None, 'priceCurrency': None}",[],"[{'name': 'Oogie Boogie Bash', 'url': 'https://www.ticketmaster.com/oogie-boogie-bash-tickets/artist/Z7r9jZa2Ob'}]",San Diego
vvG1iZb3_Xk-2A,https://concerts.livenation.com/tornillo-estilo-fino-tour-with-special-san-diego-california-10-31-2024/event/0B0061267E1A13C5,"Tornillo ""Estilo Fino Tour"" with Special Guest Razz","Tornillo ""Estilo Fino Tour"" with Special Guest Razz | Thu 10/31 @ 7:00pm | The Observatory North Park, San Diego, CA",https://s1.ticketm.net/dam/a/c41/6c4945cf-e7fd-40c0-a763-52ba076b6c41_RECOMENDATION_16_9.jpg,Music,Latin,31-10-2024,Thu 7:00pm,2891 University Ave,San Diego,CA,92104,US,https://www.ticketmaster.com/the-observatory-north-park-tickets-san-diego/venue/90384,"{'offerUrl': 'https://concerts.livenation.com/tornillo-estilo-fino-tour-with-special-san-diego-california-10-31-2024/event/0B0061267E1A13C5', 'availabilityStarts': '2024-09-13T17:00:00Z', 'price': 35, 'priceCurrency': 'USD'}","[{'currency': 'USD', 'min': 35}]","[{'name': 'Tornillo', 'url': 'https://www.ticketmaster.com/tornillo-tickets/artist/2886768'}, {'name': 'Razz', 'url': 'https://www.ticketmaster.com/razz-tickets/artist/3226738'}]",San Diego
vvG1iZbKCJcNKi,https://concerts.livenation.com/fast-lane-access-tornillo-not-a-san-diego-california-10-31-2024/event/0B006133A6B634EC,Fast Lane Access - Tornillo - Not a Concert Ticket,"Fast Lane Access - Tornillo - Not a Concert Ticket | Thu 10/31 @ 7:00pm | The Observatory North Park, San Diego, CA",https://s1.ticketm.net/dam/a/72d/33036a53-6621-4e1a-a7eb-7aad5acc872d_898681_RETINA_PORTRAIT_16_9.jpg,Miscellaneous,Undefined,31-10-2024,Thu 7:00pm,2891 University Ave,San Diego,CA,92104,US,https://www.ticketmaster.com/the-observatory-north-park-tickets-san-diego/venue/90384,"{'offerUrl': 'https://concerts.livenation.com/fast-lane-access-tornillo-not-a-san-diego-california-10-31-2024/event/0B006133A6B634EC', 'availabilityStarts': '2024-09-19T20:51:00Z', 'price': 20, 'priceCurrency': 'USD'}","[{'currency': 'USD', 'min': 20}]","[{'name': 'Live Nation Fast Lane', 'url': 'https://www.ticketmaster.com/live-nation-fast-lane-tickets/artist/2461867'}, {'name': 'LN Fast Lane', 'url': 'https://www.ticketmaster.com/ln-fast-lane-tickets/artist/2701838'}]",San Diego
vvG1iZbKCtVKff,https://concerts.livenation.com/vip-club-access-tornillo-not-a-san-diego-california-10-31-2024/event/0B006133A9D13514,VIP Club Access - Tornillo - Not A Concert Ticket,"VIP Club Access - Tornillo - Not A Concert Ticket | Thu 10/31 @ 7:00pm | The Observatory North Park, San Diego, CA",https://s1.ticketm.net/dam/a/335/b55e40eb-5cc8-480a-9073-725d19fd9335_1479961_RETINA_PORTRAIT_16_9.jpg,Miscellaneous,Undefined,31-10-2024,Thu 7:00pm,2891 University Ave,San Diego,CA,92104,US,https://www.ticketmaster.com/the-observatory-north-park-tickets-san-diego/venue/90384,"{'offerUrl': 'https://concerts.livenation.com/vip-club-access-tornillo-not-a-san-diego-california-10-31-2024/event/0B006133A9D13514', 'availabilityStarts': '2024-09-19T21:04:00Z', 'price': 45, 'priceCurrency': 'USD'}","[{'currency': 'USD', 'min': 45}]","[{'name': 'Live Nation VIP Club Access', 'url': 'https://www.ticketmaster.com/live-nation-vip-club-access-tickets/artist/2461868'}, {'name': 'LN VIP Club Access', 'url': 'https://www.ticketmaster.com/ln-vip-club-access-tickets/artist/2701833'}]",San Diego
vvG1IZb16oA7-k,https://concerts.livenation.com/landon-conrath-san-diego-california-10-31-2024/event/0A0060A1D1144846,Landon Conrath,"Landon Conrath | Thu 10/31 @ 7:00pm | Voodoo Room at the House of Blues San Diego, San Diego, CA",https://s1.ticketm.net/dam/a/fcc/e9922762-bb31-458e-a281-f006224d0fcc_RECOMENDATION_16_9.jpg,Music,Rock,31-10-2024,Thu 7:00pm,1055 5th Avenue,San Diego,CA,92101,US,https://www.ticketmaster.com/voodoo-room-at-the-house-of-blues-san-diego-tickets-san-diego/venue/82846,"{'offerUrl': 'https://concerts.livenation.com/landon-conrath-san-diego-california-10-31-2024/event/0A0060A1D1144846', 'availabilityStarts': '2024-05-10T17:00:00Z', 'price': 18, 'priceCurrency': 'USD'}","[{'currency': 'USD', 'min': 18}]","[{'name': 'Landon Conrath', 'url': 'https://www.ticketmaster.com/landon-conrath-tickets/artist/2966410'}, {'name': 'Andrew Garden', 'url': 'https://www.ticketmaster.com/andrew-garden-tickets/artist/3041115'}]",San Diego
vvG10ZbGF0MfD3,https://www.ticketmaster.com/brooks-nielsen-performing-an-all-growlers-irvine-california-10-31-2024/event/090060C224DD4ED2,Brooks Nielsen Performing An All Growlers Helloween,"Brooks Nielsen Performing An All Growlers Helloween | Thu 10/31 @ 7:00pm | Great Park Live, Irvine, CA",https://s1.ticketm.net/dam/a/3d0/3f4a50ad-4351-4730-84b1-8eda2607b3d0_RECOMENDATION_16_9.jpg,Music,Rock,31-10-2024,Thu 7:00pm,8000 Great Park Blvd,Irvine,CA,92618,US,https://www.ticketmaster.com/great-park-live-tickets-irvine/venue/74856,"{'offerUrl': 'https://www.ticketmaster.com/brooks-nielsen-performing-an-all-growlers-irvine-california-10-31-2024/event/090060C224DD4ED2', 'availabilityStarts': '2024-06-07T17:00:00Z', 'price': 31.31, 'priceCurrency': 'USD'}","[{'currency': 'USD', 'min': 31.31}]","[{'name': 'Brooks Nielsen', 'url': 'https://www.ticketmaster.com/brooks-nielsen-tickets/artist/2897666'}]",San Diego
vvG10Zb2EHEbLH,https://concerts.livenation.com/high-on-fire-santa-ana-california-10-31-2024/event/090060F9FC9D87FC,High On Fire,"High On Fire | Thu 10/31 @ 7:00pm | The Observatory, Santa Ana, CA",https://s1.ticketm.net/dam/a/8f7/55ee315e-aec5-4a7e-8e92-df03349b88f7_781281_RETINA_PORTRAIT_16_9.jpg,Music,Metal,31-10-2024,Thu 7:00pm,3503 S. Harbor Blvd.,Santa Ana,CA,92704,US,https://www.ticketmaster.com/the-observatory-tickets-santa-ana/venue/73867,"{'offerUrl': 'https://concerts.livenation.com/high-on-fire-santa-ana-california-10-31-2024/event/090060F9FC9D87FC', 'availabilityStarts': '2024-08-02T17:00:00Z', 'price': 25, 'priceCurrency': 'USD'}","[{'currency': 'USD', 'min': 25}]","[{'name': 'High On Fire', 'url': 'https://www.ticketmaster.com/high-on-fire-tickets/artist/868937'}, {'name': 'Exhumed', 'url': 'https://www.ticketmaster.com/exhumed-tickets/artist/882081'}]",San Diego
vvG10Zb2I6EFjh,https://concerts.livenation.com/fast-lane-access-high-on-fire-santa-ana-california-10-31-2024/event/090060FA079C871B,Fast Lane Access - High on Fire - Not a Concert Ticket,"Fast Lane Access - High on Fire - Not a Concert Ticket | Thu 10/31 @ 7:00pm | The Observatory, Santa Ana, CA",https://s1.ticketm.net/dam/a/72d/33036a53-6621-4e1a-a7eb-7aad5acc872d_898681_RETINA_PORTRAIT_16_9.jpg,Miscellaneous,Undefined,31-10-2024,Thu 7:00pm,3503 S. Harbor Blvd.,Santa Ana,CA,92704,US,https://www.ticketmaster.com/the-observatory-tickets-santa-ana/venue/73867,"{'offerUrl': 'https://concerts.livenation.com/fast-lane-access-high-on-fire-santa-ana-california-10-31-2024/event/090060FA079C871B', 'availabilityStarts': '2024-08-02T17:00:00Z', 'price': 20, 'priceCurrency': 'USD'}","[{'currency': 'USD', 'min': 20}]","[{'name': 'Live Nation Fast Lane', 'url': 'https://www.ticketmaster.com/live-nation-fast-lane-tickets/artist/2461867'}, {'name': 'LN Fast Lane', 'url': 'https://www.ticketmaster.com/ln-fast-lane-tickets/artist/2701838'}]",San Diego
vvG10Zb2I6ZIhU,https://concerts.livenation.com/premier-parking-high-on-fire-not-santa-ana-california-10-31-2024/event/090060FA070286F6,Premier Parking - High On Fire - Not A Concert Ticket,"Premier Parking - High On Fire - Not A Concert Ticket | Thu 10/31 @ 7:00pm | The Observatory, Santa Ana, CA",https://s1.ticketm.net/dam/a/8e4/5748bfe8-9dee-46e2-a8c6-9f44ee52b8e4_1200441_RECOMENDATION_16_9.jpg,Miscellaneous,Undefined,31-10-2024,Thu 7:00pm,3503 S. Harbor Blvd.,Santa Ana,CA,92704,US,https://www.ticketmaster.com/the-observatory-tickets-santa-ana/venue/73867,"{'offerUrl': 'https://concerts.livenation.com/premier-parking-high-on-fire-not-santa-ana-california-10-31-2024/event/090060FA070286F6', 'availabilityStarts': '2024-08-02T17:00:00Z', 'price': 10, 'priceCurrency': 'USD'}","[{'currency': 'USD', 'min': 10}]","[{'name': 'Live Nation Premier Parking', 'url': 'https://www.ticketmaster.com/live-nation-premier-parking-tickets/artist/2461863'}, {'name': 'LN Parking', 'url': 'https://www.ticketmaster.com/ln-parking-tickets/artist/2701831'}]",San Diego
vv1AaZk7zGkdJvKKV,https://concerts.livenation.com/lip-critic-santa-ana-california-10-31-2024/event/09006138E60534F4,Lip Critic,"Lip Critic | Thu 10/31 @ 7:00pm | Constellation Room, Santa Ana, CA",https://s1.ticketm.net/dam/a/6fa/8fdcdf23-6f50-4edd-9e9c-b5999e8e36fa_RETINA_PORTRAIT_16_9.jpg,Music,Rock,31-10-2024,Thu 7:00pm,3503 South Harbor Boulevard,Santa Ana,CA,92704,US,https://www.ticketmaster.com/constellation-room-tickets-santa-ana/venue/74683,"{'offerUrl': 'https://concerts.livenation.com/lip-critic-santa-ana-california-10-31-2024/event/09006138E60534F4', 'availabilityStarts': '2024-09-27T17:00:00Z', 'price': 15, 'priceCurrency': 'USD'}","[{'currency': 'USD', 'min': 15}]","[{'name': 'Lip Critic', 'url': 'https://www.ticketmaster.com/lip-critic-tickets/artist/2836975'}, {'name': 'Big Fun', 'url': 'https://www.ticketmaster.com/big-fun-tickets/artist/2843050'}]",San Diego
vv1AaZk7zGkdRlKPx,https://concerts.livenation.com/premier-parking-lip-critic-not-a-santa-ana-california-10-31-2024/event/09006138EFAD3962,Premier Parking - Lip Critic - Not a Concert Ticket,"Premier Parking - Lip Critic - Not a Concert Ticket | Thu 10/31 @ 7:00pm | Constellation Room, Santa Ana, CA",https://s1.ticketm.net/dam/a/8e4/5748bfe8-9dee-46e2-a8c6-9f44ee52b8e4_1200441_RECOMENDATION_16_9.jpg,Miscellaneous,Undefined,31-10-2024,Thu 7:00pm,3503 South Harbor Boulevard,Santa Ana,CA,92704,US,https://www.ticketmaster.com/constellation-room-tickets-santa-ana/venue/74683,"{'offerUrl': 'https://concerts.livenation.com/premier-parking-lip-critic-not-a-santa-ana-california-10-31-2024/event/09006138EFAD3962', 'availabilityStarts': '2024-09-27T17:00:00Z', 'price': 10, 'priceCurrency': 'USD'}","[{'currency': 'USD', 'min': 10}]","[{'name': 'Live Nation Premier Parking', 'url': 'https://www.ticketmaster.com/live-nation-premier-parking-tickets/artist/2461863'}, {'name': 'LN Parking', 'url': 'https://www.ticketmaster.com/ln-parking-tickets/artist/2701831'}]",San Diego
vv170ZbFGkSQsFUG,https://concerts.livenation.com/dj-shadow-anaheim-california-10-31-2024/event/0900608CDAC48D8C,DJ Shadow,"DJ Shadow | Thu 10/31 @ 7:00pm | House of Blues Anaheim, Anaheim, CA",https://s1.ticketm.net/dam/a/e35/b74589fa-5dfb-4c6e-b4d9-0c2f83b4de35_RETINA_PORTRAIT_16_9.jpg,Music,Dance/Electronic,31-10-2024,Thu 7:00pm,"400 W Disney Way, #337",Anaheim,CA,92802,US,https://www.ticketmaster.com/house-of-blues-anaheim-tickets-anaheim/venue/74096,"{'offerUrl': 'https://concerts.livenation.com/dj-shadow-anaheim-california-10-31-2024/event/0900608CDAC48D8C', 'availabilityStarts': '2024-04-19T17:00:00Z', 'price': 35, 'priceCurrency': 'USD'}","[{'currency': 'USD', 'min': 35}]","[{'name': 'DJ Shadow', 'url': 'https://www.ticketmaster.com/dj-shadow-tickets/artist/807354'}, {'name': 'Lunice', 'url': 'https://www.ticketmaster.com/lunice-tickets/artist/1543001'}]",San Diego
vv170ZbFGkT-MUr1,https://concerts.livenation.com/fast-lane-access-dj-shadow-not-anaheim-california-10-31-2024/event/0900608FE1DF678A,Fast Lane Access - DJ Shadow - Not a Concert Ticket,"Fast Lane Access - DJ Shadow - Not a Concert Ticket | Thu 10/31 @ 7:00pm | House of Blues Anaheim, Anaheim, CA",https://s1.ticketm.net/dam/a/72d/33036a53-6621-4e1a-a7eb-7aad5acc872d_898681_RETINA_PORTRAIT_16_9.jpg,Miscellaneous,Undefined,31-10-2024,Thu 7:00pm,"400 W Disney Way, #337",Anaheim,CA,92802,US,https://www.ticketmaster.com/house-of-blues-anaheim-tickets-anaheim/venue/74096,"{'offerUrl': 'https://concerts.livenation.com/fast-lane-access-dj-shadow-not-anaheim-california-10-31-2024/event/0900608FE1DF678A', 'availabilityStarts': '2024-04-17T17:00:00Z', 'price': 20, 'priceCurrency': 'USD'}","[{'currency': 'USD', 'min': 20}]","[{'name': 'Live Nation Fast Lane', 'url': 'https://www.ticketmaster.com/live-nation-fast-lane-tickets/artist/2461867'}, {'name': 'LN Fast Lane', 'url': 'https://www.ticketmaster.com/ln-fast-lane-tickets/artist/2701838'}]",San Diego
vv170ZbFGkT0skrT,https://concerts.livenation.com/hob-foundation-room-access-dj-shadow-anaheim-california-10-31-2024/event/0900608FE4C467BF,HOB Foundation Room Access - DJ Shadow - Not a Concert Ticket,"HOB Foundation Room Access - DJ Shadow - Not a Concert Ticket | Thu 10/31 @ 7:00pm | House of Blues Anaheim, Anaheim, CA",https://s1.ticketm.net/dam/a/566/91deb4d4-e128-418b-8d2a-8f15c75a1566_1771781_RETINA_PORTRAIT_16_9.jpg,Miscellaneous,Undefined,31-10-2024,Thu 7:00pm,"400 W Disney Way, #337",Anaheim,CA,92802,US,https://www.ticketmaster.com/house-of-blues-anaheim-tickets-anaheim/venue/74096,"{'offerUrl': 'https://concerts.livenation.com/hob-foundation-room-access-dj-shadow-anaheim-california-10-31-2024/event/0900608FE4C467BF', 'availabilityStarts': '2024-04-17T17:00:00Z', 'price': 35, 'priceCurrency': 'USD'}","[{'currency': 'USD', 'min': 35}]","[{'name': 'HOB Foundation Room VIP Access', 'url': 'https://www.ticketmaster.com/hob-foundation-room-vip-access-tickets/artist/2924774'}, {'name': 'LN VIP Club Access', 'url': 'https://www.ticketmaster.com/ln-vip-club-access-tickets/artist/2701833'}]",San Diego
LvZ18_IuV7QZQ58ZvFljW,https://www.universe.com/events/drag-show-dee-licious-thursday-at-mary-s-long-beach-location-tickets-BPYR07?ref=ticketmaster,Drag Show: “Dee-licious Thursday” at Mary’s Long Beach Location,"Drag Show: “Dee-licious Thursday” at Mary’s Long Beach Location | Thu 10/31 @ 7:00pm | Hamburger Mary's - Long Beach, Long Beach, CA",https://s1.ticketm.net/dam/c/2db/d6726400-e873-433e-abbf-4d43eb78d2db_105941_RETINA_PORTRAIT_16_9.jpg,Arts & Theatre,Performance Art,31-10-2024,Thu 7:00pm,330 Pine Avenue,Long Beach,CA,90802,US,https://www.ticketmaster.com/hamburger-marys-long-beach-tickets-long-beach/venue/74851,"{'offerUrl': 'https://www.universe.com/events/drag-show-dee-licious-thursday-at-mary-s-long-beach-location-tickets-BPYR07?ref=ticketmaster', 'availabilityStarts': '2024-03-19T15:32:51Z', 'price': None, 'priceCurrency': 'USD'}","[{'currency': 'USD', 'min': None}]","[{'name': ""Hamburger Mary's - Long Beach Deelicious Thursdays"", 'url': 'https://www.ticketmaster.com/hamburger-marys-long-beach-deelicious-thursdays-tickets/artist/3132086'}, {'name': ""Hamburger Mary's"", 'url': 'https://www.ticketmaster.com/hamburger-marys-tickets/artist/3132064'}]",San Diego
vvG1IZbCAVgv5z,https://www.ticketmaster.com/blackberry-smoke-be-right-here-tour-san-diego-california-10-31-2024/event/0A0060E174D412F8,Blackberry Smoke - Be Right Here Tour,"Blackberry Smoke - Be Right Here Tour | Thu 10/31 @ 7:30pm | Humphreys Concerts By the Bay, San Diego, CA",https://s1.ticketm.net/dam/a/ce1/879c4343-4ca7-47de-964c-40f439606ce1_RECOMENDATION_16_9.jpg,Music,Rock,31-10-2024,Thu 7:30pm,2241 Shelter Island Dr.,San Diego,CA,92106,US,https://www.ticketmaster.com/humphreys-concerts-by-the-bay-tickets-san-diego/venue/81964,"{'offerUrl': 'https://www.ticketmaster.com/blackberry-smoke-be-right-here-tour-san-diego-california-10-31-2024/event/0A0060E174D412F8', 'availabilityStarts': '2024-07-19T17:00:00Z', 'price': None, 'priceCurrency': None}",[],"[{'name': 'Blackberry Smoke', 'url': 'https://www.ticketmaster.com/blackberry-smoke-tickets/artist/1043636'}, {'name': 'Kelsey Waldon', 'url': 'https://www.ticketmaster.com/kelsey-waldon-tickets/artist/1725200'}]",San Diego
rZ7HnEZ1AKppx7,https://www.ticketweb.com/event/strangelove-the-depeche-gaslamp-long-beach-tickets/13596884,STRANGELOVE - THE DEPECHE MODE EXPERIENCE - A SPECIAL HALLOWEEN NIGHT SHOW!,"STRANGELOVE - THE DEPECHE MODE EXPERIENCE - A SPECIAL HALLOWEEN NIGHT SHOW! | Thu 10/31 @ 7:30pm | Gaslamp Long Beach, Long Beach, CA",https://s1.ticketm.net/dam/c/797/5e693c26-2881-4776-8f0c-3aa94bfa3797_106511_RECOMENDATION_16_9.jpg,Music,Alternative,31-10-2024,Thu 7:30pm,6251 East Pacific Coast Highway,Long Beach,CA,90803,US,https://www.ticketweb.com/venue/gaslamp-long-beach-long-beach-ca/252754,"{'offerUrl': 'https://www.ticketweb.com/event/strangelove-the-depeche-gaslamp-long-beach-tickets/13596884', 'availabilityStarts': '2024-09-15T03:00:00Z', 'price': 30.02, 'priceCurrency': 'USD'}","[{'currency': 'USD', 'min': 30.02}]",[],San Diego
vvG1iZ9zMUdxfT,https://www.ticketmaster.com/ict-murder-on-the-links-long-beach-california-10-31-2024/event/0B005F8DF60E253F,ICT: Murder On The Links,"ICT: Murder On The Links | Thu 10/31 @ 7:30pm | Beverly O'Neill Theater - Long Beach Conv and Entertainment Ctr, Long Beach, CA",https://s1.ticketm.net/dam/a/9c1/70a00e11-cbcf-4402-bcff-590e258629c1_56391_RETINA_PORTRAIT_16_9.jpg,Arts & Theatre,Theatre,31-10-2024,Thu 7:30pm,300 E Ocean BL,Long Beach,CA,90802,US,https://www.ticketmaster.com/beverly-oneill-theater-long-beach-conv-and-entertainment-ctr-tickets-long-beach/venue/90207,"{'offerUrl': 'https://www.ticketmaster.com/ict-murder-on-the-links-long-beach-california-10-31-2024/event/0B005F8DF60E253F', 'availabilityStarts': '2023-12-15T18:00:00Z', 'price': 49, 'priceCurrency': 'USD'}","[{'currency': 'USD', 'min': 49}]","[{'name': 'International City Theatre', 'url': 'https://www.ticketmaster.com/international-city-theatre-tickets/artist/1935921'}]",San Diego
rZ7HnEZ1AKu9j0,https://www.ticketweb.com/event/80s-heat-presents-halloween-heat-belly-up-tickets/13357724,80s Heat Presents: Halloween HEAT: death to the 80s and 90s,"80s Heat Presents: Halloween HEAT: death to the 80s and 90s | Thu 10/31 @ 8:00pm | Belly Up, Solana Beach, CA",https://s1.ticketm.net/dam/c/797/5e693c26-2881-4776-8f0c-3aa94bfa3797_106511_RECOMENDATION_16_9.jpg,Music,Alternative,31-10-2024,Thu 8:00pm,143 S. Cedros Ave,Solana Beach,CA,92075,US,https://www.ticketweb.com/venue/belly-up-solana-beach-ca/432305,"{'offerUrl': 'https://www.ticketweb.com/event/80s-heat-presents-halloween-heat-belly-up-tickets/13357724', 'availabilityStarts': '2024-09-06T17:00:00Z', 'price': 34.25, 'priceCurrency': 'USD'}","[{'currency': 'USD', 'min': 34.25}]",[],San Diego
rZ7HnEZ1AKoy0V,https://www.ticketweb.com/event/oingo-boingo-former-members-the-coach-house-tickets/13479934,Oingo Boingo Former Members,"Oingo Boingo Former Members | Thu 10/31 @ 8:00pm | The Coach House, San Juan Capistrano, CA",https://s1.ticketm.net/dam/a/fbf/b950cb23-f821-47c0-ae75-6bc68802cfbf_522601_RECOMENDATION_16_9.jpg,Music,Pop,31-10-2024,Thu 8:00pm,"33157 Camino Capistrano, Suite C",San Juan Capistrano,CA,92675,US,https://www.ticketweb.com/venue/the-coach-house-san-juan-capistrano-ca/270734,"{'offerUrl': 'https://www.ticketweb.com/event/oingo-boingo-former-members-the-coach-house-tickets/13479934', 'availabilityStarts': '2024-05-06T03:00:00Z', 'price': 69.14, 'priceCurrency': 'USD'}","[{'currency': 'USD', 'min': 69.14}]","[{'name': 'The Untouchables', 'url': 'https://www.ticketmaster.com/the-untouchables-tickets/artist/721186'}]",San Diego
rZ7HnEZ1AK_e7V,https://www.ticketweb.com/event/remix-halloween-show-ivanz-house-at-mozambique-tickets/13642134,RemiX - Halloween Show,"RemiX - Halloween Show | Thu 10/31 @ 8:00pm | Ivan'z House at Mozambique, Laguna Beach, CA",https://s1.ticketm.net/dam/c/48b/2352e3b5-8496-496b-97a3-e605177e848b_105851_RETINA_PORTRAIT_16_9.jpg,Music,R&B,31-10-2024,Thu 8:00pm,1740 S. Coast Highway,Laguna Beach,CA,92651,US,https://www.ticketweb.com/venue/ivanz-house-at-mozambique-laguna-beach-ca/399795,"{'offerUrl': 'https://www.ticketweb.com/event/remix-halloween-show-ivanz-house-at-mozambique-tickets/13642134', 'availabilityStarts': '2024-10-02T22:00:00Z', 'price': 12.83, 'priceCurrency': 'USD'}","[{'currency': 'USD', 'min': 12.83}]",[],San Diego
rZ7HnEZ1AKr8ud,https://www.ticketweb.com/event/breakbot-irfane-music-box-tickets/13790343,Breakbot & Irfane - DJ SET,"Breakbot & Irfane - DJ SET | Thu 10/31 @ 9:00pm | Music Box, San Diego, CA",https://s1.ticketm.net/dam/a/735/57669989-40e8-4b4a-9a75-1fa749cac735_304281_RECOMENDATION_16_9.jpg,Music,Dance/Electronic,31-10-2024,Thu 9:00pm,1337 India Street,San Diego,CA,92101,US,https://www.ticketweb.com/venue/music-box-san-diego-ca/420435,"{'offerUrl': 'https://www.ticketweb.com/event/breakbot-irfane-music-box-tickets/13790343', 'availabilityStarts': '2024-07-26T17:00:00Z', 'price': 32.5, 'priceCurrency': 'USD'}","[{'currency': 'USD', 'min': 32.5}]","[{'name': 'Breakbot', 'url': 'https://www.ticketmaster.com/breakbot-tickets/artist/1611464'}]",San Diego
rZ7HnEZ1AK0yAN,https://www.ticketweb.com/event/noche-de-rock-halloween-party-la-santa-tickets/13939163,Noche de Rock Halloween Party,"Noche de Rock Halloween Party | Thu 10/31 @ 9:00pm | La Santa, Santa Ana, CA",https://s1.ticketm.net/dam/a/84d/1648aa1c-68e0-42b3-85b6-3a442588684d_159641_RECOMENDATION_16_9.jpg,Music,Alternative,31-10-2024,Thu 9:00pm,220 E 3rd Street,Santa Ana,CA,92701,US,https://www.ticketweb.com/venue/la-santa-santa-ana-ca/469735,"{'offerUrl': 'https://www.ticketweb.com/event/noche-de-rock-halloween-party-la-santa-tickets/13939163', 'availabilityStarts': '2024-10-27T01:05:00Z', 'price': 0, 'priceCurrency': 'USD'}","[{'currency': 'USD', 'min': 0}]","[{'name': 'Halloween Party', 'url': 'https://www.ticketmaster.com/halloween-party-tickets/artist/943376'}]",San Diego
vvG1iZb86_LNcj,https://concerts.livenation.com/kittys-halloween-rave-riverside-california-10-31-2024/event/0B006101D97E3B5C,Kitty's Halloween Rave,"Kitty's Halloween Rave | Thu 10/31 @ 9:00pm | Riverside Municipal Auditorium, Riverside, CA",https://s1.ticketm.net/dam/c/df8/81eadad8-4449-412e-a2b1-3d8bbb78edf8_106181_RECOMENDATION_16_9.jpg,Music,Dance/Electronic,31-10-2024,Thu 9:00pm,3485 Mission Inn Ave,Riverside,CA,92501,US,https://www.ticketmaster.com/riverside-municipal-auditorium-tickets-riverside/venue/90210,"{'offerUrl': 'https://concerts.livenation.com/kittys-halloween-rave-riverside-california-10-31-2024/event/0B006101D97E3B5C', 'availabilityStarts': '2024-08-09T17:00:00Z', 'price': 18, 'priceCurrency': 'USD'}","[{'currency': 'USD', 'min': 18}]",[],San Diego
vvG1iZb8Dgmw47,https://concerts.livenation.com/vip-club-access-kittys-halloween-rave-riverside-california-10-31-2024/event/0B00610EF5BB2544,VIP Club Access - Kitty's Halloween Rave - Not a Concert Ticket,"VIP Club Access - Kitty's Halloween Rave - Not a Concert Ticket | Thu 10/31 @ 9:00pm | Riverside Municipal Auditorium, Riverside, CA",https://s1.ticketm.net/dam/a/335/b55e40eb-5cc8-480a-9073-725d19fd9335_1479961_RETINA_PORTRAIT_16_9.jpg,Miscellaneous,Undefined,31-10-2024,Thu 9:00pm,3485 Mission Inn Ave,Riverside,CA,92501,US,https://www.ticketmaster.com/riverside-municipal-auditorium-tickets-riverside/venue/90210,"{'offerUrl': 'https://concerts.livenation.com/vip-club-access-kittys-halloween-rave-riverside-california-10-31-2024/event/0B00610EF5BB2544', 'availabilityStarts': '2024-08-15T02:28:00Z', 'price': 30, 'priceCurrency': 'USD'}","[{'currency': 'USD', 'min': 30}]","[{'name': 'Live Nation VIP Club Access', 'url': 'https://www.ticketmaster.com/live-nation-vip-club-access-tickets/artist/2461868'}, {'name': 'LN VIP Club Access', 'url': 'https://www.ticketmaster.com/ln-vip-club-access-tickets/artist/2701833'}]",San Diego
1ae0ZbKGAQZZduC2,https://www.ticketweb.com/event/yg-at-incahoots-nightclub-18-in-cahoots-tickets/13610024?REFERRAL_ID=tmfeed,Yg At Incahoots Nightclub 18+ | Halloween Night 2024,"Yg At Incahoots Nightclub 18+ | Halloween Night 2024 | Thu 10/31 @ 9:00pm | Incahoots - Fullerton, Fullerton, CA",https://s1.ticketm.net/dam/a/3e8/e0da9d8b-d6dd-4752-8b6d-958d5ab843e8_RETINA_PORTRAIT_16_9.jpg,Music,Hip-Hop/Rap,31-10-2024,Thu 9:00pm,1401 S Lemon St,Fullerton,CA,92832,US,https://www.ticketmaster.com/incahoots-fullerton-tickets-fullerton/venue/74377,"{'offerUrl': 'https://www.ticketweb.com/event/yg-at-incahoots-nightclub-18-in-cahoots-tickets/13610024?REFERRAL_ID=tmfeed', 'availabilityStarts': '2024-09-20T00:15:00Z', 'price': None, 'priceCurrency': None}",[],"[{'name': 'YG', 'url': 'https://www.ticketmaster.com/yg-tickets/artist/1546929'}]",San Diego
rZ7HnEZ1AKpvjV,https://www.ticketweb.com/event/wuki-time-nightclub-tickets/13581734,Wuki,"Wuki | Thu 10/31 @ 9:30pm | Time Nightclub, Costa Mesa, CA",https://s1.ticketm.net/dam/c/df8/81eadad8-4449-412e-a2b1-3d8bbb78edf8_106181_RECOMENDATION_16_9.jpg,Music,Dance/Electronic,31-10-2024,Thu 9:30pm,1875 Newport Blvd. Suite B245,Costa Mesa,CA,92627,US,https://www.ticketweb.com/venue/time-nightclub-costa-mesa-ca/507665,"{'offerUrl': 'https://www.ticketweb.com/event/wuki-time-nightclub-tickets/13581734', 'availabilityStarts': '2024-09-09T19:00:00Z', 'price': 24.95, 'priceCurrency': 'USD'}","[{'currency': 'USD', 'min': 24.95}]",[],San Diego
rZ7HnEZ1AK-IQd,https://www.ticketweb.com/event/remk-jawns-bloom-tickets/13868683,"RemK, JAWNS","RemK, JAWNS | Thu 10/31 @ 10:00pm | Bloom, San Diego, CA",https://s1.ticketm.net/dam/a/acd/e99501d2-ddbe-415c-a992-cf36cd0abacd_RECOMENDATION_16_9.jpg,Music,Dance/Electronic,31-10-2024,Thu 10:00pm,Suite 100 - 919 Fourth Ave,San Diego,CA,92101,US,https://www.ticketweb.com/venue/bloom-san-diego-ca/650033,"{'offerUrl': 'https://www.ticketweb.com/event/remk-jawns-bloom-tickets/13868683', 'availabilityStarts': '2024-08-20T19:00:00Z', 'price': 14.95, 'priceCurrency': 'USD'}","[{'currency': 'USD', 'min': 14.95}]","[{'name': 'RemK', 'url': 'https://www.ticketmaster.com/remk-tickets/artist/2896138'}, {'name': 'JAWNS', 'url': 'https://www.ticketmaster.com/jawns-tickets/artist/1620631'}]",San Diego
rZ7HnEZ1AKpF_V,https://www.ticketweb.com/event/kai-wachi-nova-sd-tickets/13588674,Kai Wachi,"Kai Wachi | Thu 10/31 @ 10:00pm | Nova SD, San Diego, CA",https://s1.ticketm.net/dam/c/df8/81eadad8-4449-412e-a2b1-3d8bbb78edf8_106181_RECOMENDATION_16_9.jpg,Music,Dance/Electronic,31-10-2024,Thu 10:00pm,454 Sixth Ave,San Diego,CA,92101,US,https://www.ticketweb.com/venue/nova-sd-san-diego-ca/507235,"{'offerUrl': 'https://www.ticketweb.com/event/kai-wachi-nova-sd-tickets/13588674', 'availabilityStarts': '2024-09-11T19:00:00Z', 'price': 34.95, 'priceCurrency': 'USD'}","[{'currency': 'USD', 'min': 34.95}]",[],San Diego
vvG1IZbK61CKGy,https://www.ticketmaster.com/snapdragon-stadium-tours-san-diego-california-11-01-2024/event/0A006131CA393339,Snapdragon Stadium Tours,"Snapdragon Stadium Tours | Snapdragon Stadium, San Diego, CA",https://s1.ticketm.net/dam/a/c52/876cd107-22d0-449f-a80d-7cc8d9654c52_RECOMENDATION_16_9.jpg,Miscellaneous,Undefined,01-11-2024,TBA,2101 Stadium Way,San Diego,CA,92108,US,https://www.ticketmaster.com/snapdragon-stadium-tickets-san-diego/venue/82847,"{'offerUrl': 'https://www.ticketmaster.com/snapdragon-stadium-tours-san-diego-california-11-01-2024/event/0A006131CA393339', 'availabilityStarts': '2024-09-20T17:30:00Z', 'price': 30, 'priceCurrency': 'USD'}","[{'currency': 'USD', 'min': 30}]","[{'name': 'Snapdragon Stadium Tours', 'url': 'https://www.ticketmaster.com/snapdragon-stadium-tours-tickets/artist/3060631'}]",San Diego
vvG1IZ9gJLYvBd,https://www.ticketmaster.com/petco-park-tours-san-diego-california-11-01-2024/event/0A005F599FC01E83,Petco Park Tours,"Petco Park Tours | Fri 11/1 | Petco Park, San Diego, CA",https://s1.ticketm.net/dam/a/2e7/4adeb98b-b8c3-4668-9d0e-656f821642e7_1427701_RETINA_PORTRAIT_16_9.jpg,Sports,Baseball,01-11-2024,TBA,100 Park Blvd,San Diego,CA,92101,US,https://www.ticketmaster.com/petco-park-tickets-san-diego/venue/82561,"{'offerUrl': 'https://www.ticketmaster.com/petco-park-tours-san-diego-california-11-01-2024/event/0A005F599FC01E83', 'availabilityStarts': '2023-10-25T19:30:00Z', 'price': 25, 'priceCurrency': 'USD'}","[{'currency': 'USD', 'min': 25}]","[{'name': 'Petco Park Tours', 'url': 'https://www.ticketmaster.com/petco-park-tours-tickets/artist/1826325'}]",San Diego
Z7r9jZ1A77OfF,https://www.ticketmaster.com/event/Z7r9jZ1A77OfF,Breeders Cup - Friday,"Breeders Cup - Friday | Fri 11/1 @ 9:00am | Del Mar Thoroughbred Club, Del Mar, CA",https://s1.ticketm.net/dam/a/5c4/045a3707-2e78-4eaa-8c5c-ffcd4ec515c4_709601_RETINA_PORTRAIT_16_9.jpg,Sports,Equestrian,01-11-2024,Fri 9:00am,,Del Mar,CA,92014,US,https://www.ticketmaster.com/del-mar-thoroughbred-club-tickets-del-mar/venue/ZFr9jZdkk7,"{'offerUrl': 'https://www.ticketmaster.com/event/Z7r9jZ1A77OfF', 'availabilityStarts': '1900-01-01T06:00:00Z', 'price': None, 'priceCurrency': None}",[],"[{'name': ""Breeders' Cup"", 'url': 'https://www.ticketmaster.com/breeders-cup-tickets/artist/1764309'}]",San Diego
rZ7HnEZ1AK-k-d,https://www.ticketweb.com/event/april-and-the-funk-junkies-belly-up-tickets/13846843,April and The Funk Junkies,"April and The Funk Junkies | Fri 11/1 @ 5:30pm | Belly Up, Solana Beach, CA",https://s1.ticketm.net/dam/c/df8/81eadad8-4449-412e-a2b1-3d8bbb78edf8_106181_RECOMENDATION_16_9.jpg,Music,Dance/Electronic,01-11-2024,Fri 5:30pm,143 S. Cedros Ave,Solana Beach,CA,92075,US,https://www.ticketweb.com/venue/belly-up-solana-beach-ca/432305,"{'offerUrl': 'https://www.ticketweb.com/event/april-and-the-funk-junkies-belly-up-tickets/13846843', 'availabilityStarts': '2023-07-21T07:00:00Z', 'price': 12.75, 'priceCurrency': 'USD'}","[{'currency': 'USD', 'min': 12.75}]",[],San Diego
LvZ18_x51Zn4nyZZv_FDh,https://www.universe.com/events/ocs-original-oktoberfest-2024-tickets-G6JPTY?ref=ticketmaster,OC's Original Oktoberfest 2024,"OC's Original Oktoberfest 2024 | Fri 11/1 @ 6:00pm | The Biergarten at Old World HB, Huntington Beach, CA",https://s1.ticketm.net/dam/a/196/9fb89673-7d11-4986-ab28-3be1771ab196_RECOMENDATION_16_9.jpg,Miscellaneous,Fairs & Festivals,01-11-2024,Fri 6:00pm,"7561 Center Ave., #49",Huntington Beach,CA,92647,US,https://www.ticketmaster.com/the-biergarten-at-old-world-hb-tickets-huntington-beach/venue/74822,"{'offerUrl': 'https://www.universe.com/events/ocs-original-oktoberfest-2024-tickets-G6JPTY?ref=ticketmaster', 'availabilityStarts': '2024-04-17T23:44:22Z', 'price': None, 'priceCurrency': 'USD'}","[{'currency': 'USD', 'min': None}]","[{'name': ""OC's Original Oktoberfest"", 'url': 'https://www.ticketmaster.com/ocs-original-oktoberfest-tickets/artist/3048946'}]",San Diego
LvZ18_xGk9EKHSOZvy9a8,https://www.universe.com/events/oktoberfest-table-reservations-2024-tickets-KJ96F8?ref=ticketmaster,Oktoberfest Table Reservations 2024,"Oktoberfest Table Reservations 2024 | Fri 11/1 @ 6:00pm | The Biergarten at Old World HB, Huntington Beach, CA",https://s1.ticketm.net/dam/a/196/9fb89673-7d11-4986-ab28-3be1771ab196_RECOMENDATION_16_9.jpg,Miscellaneous,Fairs & Festivals,01-11-2024,Fri 6:00pm,"7561 Center Ave., #49",Huntington Beach,CA,92647,US,https://www.ticketmaster.com/the-biergarten-at-old-world-hb-tickets-huntington-beach/venue/74822,"{'offerUrl': 'https://www.universe.com/events/oktoberfest-table-reservations-2024-tickets-KJ96F8?ref=ticketmaster', 'availabilityStarts': '2024-04-20T00:02:12Z', 'price': None, 'priceCurrency': 'USD'}","[{'currency': 'USD', 'min': None}]","[{'name': ""OC's Original Oktoberfest"", 'url': 'https://www.ticketmaster.com/ocs-original-oktoberfest-tickets/artist/3048946'}]",San Diego
rZ7HnEZ1AKrvZN,https://www.ticketweb.com/event/suicidal-tendencies-slaughterhouse-toxic-energy-garden-amphitheatre-tickets/13781023,"Suicidal Tendencies, Slaughterhouse, Toxic Energy","Suicidal Tendencies, Slaughterhouse, Toxic Energy | Fri 11/1 @ 6:00pm | Garden Amphitheatre, Garden Grove, CA",https://s1.ticketm.net/dam/a/02c/ac0631d3-f248-4366-b3df-0f072630502c_RETINA_PORTRAIT_16_9.jpg,Music,Alternative,01-11-2024,Fri 6:00pm,12762 Main Street,Garden Grove,CA,92840,US,https://www.ticketweb.com/venue/garden-amphitheatre-garden-grove-ca/434095,"{'offerUrl': 'https://www.ticketweb.com/event/suicidal-tendencies-slaughterhouse-toxic-energy-garden-amphitheatre-tickets/13781023', 'availabilityStarts': '2024-08-16T16:00:00Z', 'price': 0, 'priceCurrency': 'USD'}","[{'currency': 'USD', 'min': 0}]","[{'name': 'Suicidal Tendencies', 'url': 'https://www.ticketmaster.com/suicidal-tendencies-tickets/artist/736220'}]",San Diego
rZ7HnEZ1AKrveK,https://www.ticketweb.com/event/suicidal-tendencies-2-day-pass-garden-amphitheatre-tickets/13781093,Suicidal Tendencies 2 day pass,"Suicidal Tendencies 2 day pass | Fri 11/1 @ 6:00pm | Garden Amphitheatre, Garden Grove, CA",https://s1.ticketm.net/dam/a/02c/ac0631d3-f248-4366-b3df-0f072630502c_RETINA_PORTRAIT_16_9.jpg,Music,Alternative,01-11-2024 to 02-11-2024,Fri-Sat,12762 Main Street,Garden Grove,CA,92840,US,https://www.ticketweb.com/venue/garden-amphitheatre-garden-grove-ca/434095,"{'offerUrl': 'https://www.ticketweb.com/event/suicidal-tendencies-2-day-pass-garden-amphitheatre-tickets/13781093', 'availabilityStarts': '2024-08-16T16:00:00Z', 'price': 0, 'priceCurrency': 'USD'}","[{'currency': 'USD', 'min': 0}]","[{'name': 'Suicidal Tendencies', 'url': 'https://www.ticketmaster.com/suicidal-tendencies-tickets/artist/736220'}]",San Diego
rZ7HnEZ1AK-NZd,https://www.ticketweb.com/event/kinsey-sicks-deep-inside-tonight-purple-room-supper-club-tickets/13863003,KINSEY SICKS: Deep Inside Tonight,"KINSEY SICKS: Deep Inside Tonight | Fri 11/1 @ 6:00pm | Purple Room Supper Club, Palm Springs, CA",https://s1.ticketm.net/dam/c/4f2/0109888a-61b5-4525-8432-b026ef04f4f2_105631_RETINA_PORTRAIT_16_9.jpg,Music,Rock,01-11-2024,Fri 6:00pm,1900 E Palm Canyon Dr,Palm Springs,CA,92264,US,https://www.ticketweb.com/venue/purple-room-supper-club-palm-springs-ca/452825,"{'offerUrl': 'https://www.ticketweb.com/event/kinsey-sicks-deep-inside-tonight-purple-room-supper-club-tickets/13863003', 'availabilityStarts': '2024-08-17T07:00:00Z', 'price': 50.85, 'priceCurrency': 'USD'}","[{'currency': 'USD', 'min': 50.85}]","[{'name': 'Kinsey Sicks', 'url': 'https://www.ticketmaster.com/kinsey-sicks-tickets/artist/838516'}]",San Diego
vvG1IZbolIqSdM,https://concerts.livenation.com/bodie-and-gio-the-happy-to-san-diego-california-11-01-2024/event/0A00611AE87730F7,bodie and gio. - The Happy To Be Here With Nobody Else Tour,"bodie and gio. - The Happy To Be Here With Nobody Else Tour | Fri 11/1 @ 6:15pm | Voodoo Room at the House of Blues San Diego, San Diego, CA",https://s1.ticketm.net/dam/a/15b/c22ba102-8d35-41f2-b614-f87142a9215b_RECOMENDATION_16_9.jpg,Music,Rock,01-11-2024,Fri 6:15pm,1055 5th Avenue,San Diego,CA,92101,US,https://www.ticketmaster.com/voodoo-room-at-the-house-of-blues-san-diego-tickets-san-diego/venue/82846,"{'offerUrl': 'https://concerts.livenation.com/bodie-and-gio-the-happy-to-san-diego-california-11-01-2024/event/0A00611AE87730F7', 'availabilityStarts': '2024-08-29T17:00:00Z', 'price': 20, 'priceCurrency': 'USD'}","[{'currency': 'USD', 'min': 20}]","[{'name': 'bodie', 'url': 'https://www.ticketmaster.com/bodie-tickets/artist/3208268'}, {'name': 'gio', 'url': 'https://www.ticketmaster.com/gio-tickets/artist/3208278'}]",San Diego
vvG1iZbfE9vSC3,https://concerts.livenation.com/fast-lane-access-mago-de-oz-san-diego-california-11-01-2024/event/0B006149D7073392,Fast Lane Access - Mago de Oz - Not a Concert Ticket,"Fast Lane Access - Mago de Oz - Not a Concert Ticket | Fri 11/1 @ 7:00pm | The Observatory North Park, San Diego, CA",https://s1.ticketm.net/dam/a/72d/33036a53-6621-4e1a-a7eb-7aad5acc872d_898681_RETINA_PORTRAIT_16_9.jpg,Miscellaneous,Undefined,01-11-2024,Fri 7:00pm,2891 University Ave,San Diego,CA,92104,US,https://www.ticketmaster.com/the-observatory-north-park-tickets-san-diego/venue/90384,"{'offerUrl': 'https://concerts.livenation.com/fast-lane-access-mago-de-oz-san-diego-california-11-01-2024/event/0B006149D7073392', 'availabilityStarts': '2024-10-10T00:17:00Z', 'price': 20, 'priceCurrency': 'USD'}","[{'currency': 'USD', 'min': 20}]","[{'name': 'Live Nation Fast Lane', 'url': 'https://www.ticketmaster.com/live-nation-fast-lane-tickets/artist/2461867'}, {'name': 'LN Fast Lane', 'url': 'https://www.ticketmaster.com/ln-fast-lane-tickets/artist/2701838'}]",San Diego
